1.24645,0.0251225,0.0008394,0.0018829,0.0009241,0.0007231,0.0032406,0.0236634,0.0035285,0.0025148,0.0028491,0.002734,0.0009388,0.002345,0.0035334,0.0018527,0.0069094,0.0046188,0.327028,0.0567586,0.020147,0.0117563,0.0077753,0.0011291,0.0290412,0.0130981,0.0009938,0.0018378,0.0021511,0.0012034,0.0013405,0.0010129,0.0012578,0.0016429,0.0011745,0.0006782,0.0004526,0.0021283,0.0008333,0.000777,0.0004718,0.001134,0.0017558,0.0013526,0.0009759,0.0004782,0.0009541,0.0002625,0.0019259,0.0011987,0.0010784,0.0007451,0.0023901,0.0015857,0.002333,0.0024112,0.0117742,0.0025115,0.0072733,0.0108857,0.0096782,0.0040436,0.011691,0.0078081,0.0411929,0.0018052,0.002058,-0.0015991,0.0060463,0.0084401,0.0016282
0.0806809,1.12583,0.0003234,0.0012558,0.0003818,0.0003101,0.0046752,0.165822,0.001933,0.0020492,0.0016998,0.0020202,0.0005753,0.0019043,0.0029319,0.0011888,0.0184378,0.0040121,0.0299818,0.0055246,0.0058375,0.0326396,0.0039146,0.0004347,0.0035046,0.0119116,0.000693,0.0006306,0.0027216,0.0005108,0.0008044,0.0004596,0.003633,0.0006977,0.0007297,0.0003982,0.000434,0.0011963,0.0006021,0.0004824,0.0002942,0.000679,0.0019474,0.0004946,0.0004894,0.0001994,0.0004172,0.0004748,0.0011539,0.0013005,0.000417,0.0002903,0.0008949,0.0005934,0.0009003,0.0010771,0.001808,0.00078,0.0017096,0.0022324,0.0018924,0.0007876,0.0026816,0.0030413,0.0113505,0.0008432,0.0005722,0.0002559,0.0013991,0.0019991,0.0012485
0.0276346,0.0046329,1.08217,0.0187818,0.0056512,0.0852907,0.0176424,0.0114122,0.014539,0.0185781,0.0115657,0.0105996,0.0028097,0.0121147,0.0090371,0.0062167,0.0105702,0.0085086,0.0153694,0.0140094,0.0079837,0.0171595,0.0156573,0.569439,0.0280444,0.0171755,0.0033053,0.0043313,0.0051756,0.0042504,0.0046867,0.0751391,0.0347813,0.0444997,0.0596795,0.0267068,0.0239258,0.0203841,0.0060781,0.0021848,0.0011232,0.0033349,0.0046665,0.0028364,0.0034528,0.0008115,0.0025869,0.001104,0.0114844,0.0040533,0.0021968,0.0017909,0.0039974,0.0038935,0.0068754,0.0140742,0.0080586,0.0042984,0.0067891,0.0066835,0.00543,0.0045756,0.0075884,0.0058848,0.0064325,0.0052183,0.0155125,0.0030558,0.0254846,0.0173188,0.0547019
0.0118115,0.0009599,0.0022511,1.09404,0.0026235,0.0140307,0.0181083,0.0054256,0.111354,0.114371,0.0255278,0.0149185,0.0035059,0.020999,0.0136529,0.0091189,0.009609,0.011386,0.0088158,0.0072335,0.003384,0.016107,0.0038809,0.0048273,0.0099438,0.0085513,0.0009825,0.0013619,0.0015954,0.0012317,0.0016813,0.0016698,0.004956,0.0031391,0.0022097,0.0015398,0.0017252,0.0023206,0.0021211,0.0007018,0.0005304,0.0024796,0.0027698,0.0006869,0.0011922,0.000295,0.000889,0.0010409,0.007238,0.0029093,0.0008237,0.0006464,0.0026701,0.0015652,0.0018632,0.0049922,0.0029623,0.0019206,0.0024084,0.0024429,0.0026525,0.0027618,0.0060569,0.0019738,0.0035732,0.003189,0.0021756,0.0025662,0.0019204,0.0024459,0.0190645
0.0005397,0.0000913,0.0114883,0.0172439,1.01419,0.0011633,0.0006169,0.0003286,0.0020212,0.0021327,0.0008341,0.0005973,0.0001541,0.0006563,0.0005487,0.0003758,0.0004212,0.0003763,0.000398,0.0003361,0.000195,0.0005589,0.0002991,0.0061184,0.0005097,0.0004359,0.0001036,0.0001089,0.0001094,0.0001034,0.0001278,0.0009989,0.0005015,0.0008456,0.0008952,0.0003471,0.0003757,0.0020722,0.0001593,0.0000622,0.0000347,0.0001395,0.0001659,0.0000557,0.000094,0.0000211,0.0000676,0.0000366,0.0002694,0.00013,0.0000556,0.0000441,0.0001631,0.0000978,0.0001398,0.0003417,0.0001616,0.0000992,0.0001436,0.0001339,0.0001406,0.0001301,0.0002146,0.0001238,0.0001752,0.0001476,0.0002629,0.0000923,0.0003389,0.0002471,0.0009682
0.0182235,0.0021181,0.0055352,0.0139525,0.0023979,1.00717,0.0074697,0.0173098,0.0263171,0.0275538,0.0178836,0.0122454,0.0041115,0.0125815,0.012967,0.0089567,0.0139159,0.010302,0.0174552,0.0197226,0.0143611,0.0337208,0.0146062,0.0076506,0.0195661,0.0209901,0.0063012,0.0099233,0.0181106,0.0121686,0.0129463,0.0042495,0.0048331,0.0275289,0.0071861,0.0142801,0.0027456,0.0098866,0.0225054,0.002997,0.0024574,0.0084914,0.0093279,0.0035603,0.0065132,0.0015683,0.0047747,0.0016391,0.0668953,0.0066645,0.0048978,0.0034842,0.0083214,0.0108126,0.007151,0.0117815,0.0383958,0.0086326,0.0135137,0.0179342,0.0131901,0.0114323,0.0189338,0.0165997,0.0143696,0.0123922,0.0049753,0.0038885,0.0198719,0.0125952,0.0095143
0.0148736,0.0022462,0.0224587,0.016705,0.0046541,0.0167583,1.00475,0.008037,0.009328,0.0113712,0.0077182,0.0059791,0.002232,0.0055516,0.0067468,0.0044498,0.0067058,0.0051437,0.0093101,0.0089709,0.0074506,0.0104706,0.0076678,0.0319314,0.0068566,0.0077007,0.0055925,0.0078224,0.0110799,0.0083947,0.0116207,0.0088272,0.0176125,0.0139966,0.0104523,0.0187922,0.0310281,0.0187035,0.013564,0.0024484,0.0022059,0.0084355,0.0080818,0.0063584,0.0073101,0.0015064,0.0055053,0.0382083,0.0778925,0.0061197,0.0052152,0.0029977,0.0076399,0.0074051,0.0060071,0.0069336,0.0132034,0.0075585,0.0085979,0.0143697,0.0131531,0.0102686,0.0119114,0.0114535,0.009569,0.0137246,0.0101211,0.0081128,0.0268781,0.0171081,0.152937
0.0060334,0.0047957,0.0013254,0.0032639,0.0013729,0.0011213,0.0311956,1.26966,0.0074352,0.0077431,0.0056633,0.0078353,0.0022307,0.0074973,0.012386,0.004168,0.123987,0.0121902,0.0057022,0.005364,0.0037596,0.0487497,0.0056627,0.0017514,0.003175,0.0129291,0.00308,0.0022224,0.0049415,0.0019599,0.0032944,0.0013583,0.0261444,0.0022924,0.0028299,0.0015172,0.0019689,0.0034818,0.0024745,0.0013127,0.0013473,0.002852,0.0114554,0.0009959,0.0015441,0.0004237,0.0011404,0.0032497,0.0055096,0.0073892,0.0009457,0.0006791,0.0021225,0.001568,0.0027388,0.0033124,0.0021294,0.0018593,0.0023002,0.0019118,0.0058782,0.0019524,0.0040211,0.00524,0.0070635,0.00253,0.0016339,0.0013951,0.002365,0.0039544,0.0066271
0.0034108,0.0009986,0.0031225,0.0075172,0.0035449,0.001749,0.0428415,0.0189124,1.13233,0.0228617,0.0120838,0.0138511,0.0030314,0.0188554,0.0212921,0.0064444,0.0119504,0.0092534,0.0106573,0.0086806,0.0052358,0.0077879,0.0034058,0.0041196,0.0062506,0.0148145,0.0012539,0.0026839,0.001991,0.0013725,0.0024194,0.001532,0.0029219,0.0026517,0.0024563,0.0018624,0.0022728,0.0028483,0.0022312,0.0008039,0.0005086,0.0042191,0.0080363,0.0010579,0.0015755,0.0004162,0.0011963,0.0020331,0.0049197,0.0031092,0.001001,0.0008583,0.0044553,0.0018823,0.003066,0.0048419,0.0025986,0.0032734,0.003997,0.0029805,0.003647,0.0017654,0.0039298,0.0022294,0.0089697,0.0038044,0.0021612,0.0018984,0.0025598,0.002612,0.0153016
0.0106628,0.0033459,0.0138391,0.0207642,0.0118255,0.0037311,0.02931,0.0236695,0.0228778,1.37636,0.273144,0.148462,0.0336442,0.215585,0.123724,0.0851802,0.0772069,0.102732,0.0218553,0.0161623,0.0100542,0.0253315,0.0126306,0.0093861,0.0096608,0.0275033,0.0030755,0.0043091,0.0038009,0.0029067,0.0043868,0.0045647,0.0263762,0.0136131,0.010157,0.0053773,0.0111905,0.0101323,0.0067761,0.0024858,0.0012728,0.0120473,0.009623,0.0018735,0.0030061,0.0008071,0.0023069,0.0017617,0.0087764,0.0086603,0.0021555,0.0024379,0.0071215,0.004306,0.006503,0.0329081,0.0067058,0.0049249,0.006427,0.0050679,0.0073515,0.0035434,0.0086131,0.0049652,0.0091591,0.0135305,0.0153658,0.0037134,0.0064652,0.0051336,0.0162074
0.0214772,0.006288,0.0149738,0.0224167,0.0112758,0.0058591,0.0637936,0.0473031,0.0369539,0.077726,1.15508,0.124513,0.0323261,0.100384,0.116036,0.0806294,0.0688092,0.0519613,0.0370098,0.0278957,0.0189298,0.0521378,0.0279597,0.0118901,0.022281,0.0519355,0.0048861,0.0075037,0.0059622,0.0043162,0.0075421,0.0081638,0.0140727,0.0387949,0.0187294,0.0107459,0.0397285,0.0171328,0.011213,0.0051219,0.0018334,0.0264943,0.0165432,0.0030805,0.0049037,0.0013818,0.0037462,0.0035715,0.0113835,0.0109776,0.003313,0.0042418,0.0096471,0.0072653,0.0101883,0.0470532,0.0091477,0.0065581,0.0089611,0.0068474,0.0131834,0.0051439,0.0116067,0.0100227,0.0188889,0.0178381,0.0267518,0.0056786,0.012283,0.0087784,0.0310511
0.0154943,0.0051063,0.0170003,0.0592921,0.0419311,0.0070755,0.024016,0.0131662,0.0144624,0.0318697,0.0292766,1.11631,0.0055451,0.0308939,0.0761925,0.030655,0.0105906,0.0163509,0.0131724,0.007416,0.0058143,0.018516,0.0221019,0.0105442,0.0103184,0.0176738,0.0027688,0.004116,0.0038722,0.0027101,0.0040705,0.0036262,0.0056133,0.008668,0.0083652,0.005117,0.0073558,0.0107524,0.0137323,0.0020772,0.0010735,0.0051984,0.0060684,0.001387,0.0023091,0.000694,0.001698,0.0013923,0.0075172,0.005443,0.0016161,0.0024932,0.0047324,0.0030337,0.0092011,0.0529797,0.0122857,0.003121,0.0043255,0.0039429,0.004043,0.0029128,0.0045338,0.0031713,0.0061543,0.0124949,0.0073549,0.0020113,0.0053234,0.005452,0.0129202
0.0062854,0.0020038,0.0036433,0.0079015,0.0064884,0.0026661,0.0141691,0.0196653,0.0180806,0.0260703,0.0309312,0.0476951,1.13632,0.0498942,0.0628961,0.127892,0.0287577,0.0299478,0.0120816,0.0233685,0.0162571,0.0306985,0.0237952,0.0043759,0.0141702,0.0231653,0.0076215,0.0087089,0.005633,0.0050418,0.0071102,0.0048729,0.0088534,0.0095545,0.0070709,0.0051149,0.0035612,0.0067639,0.0064653,0.0112024,0.0050411,0.0934837,0.0323908,0.0076575,0.0100183,0.0018184,0.0096909,0.0010491,0.0080418,0.0068759,0.0071856,0.0131093,0.0135495,0.0202424,0.0126891,0.0246289,0.0090297,0.0091304,0.0085987,0.0066292,0.006786,0.0054003,0.0070189,0.0071392,0.0075995,0.0174606,0.0671103,0.009085,0.0057717,0.0069392,0.0147165
0.0044383,0.004126,0.0022535,0.0050414,0.0032741,0.0013483,0.0251471,0.0158216,0.0047498,0.0179493,0.0177795,0.049431,0.0129555,1.0689,0.0199089,0.0184532,0.0075937,0.0108435,0.0050796,0.0046272,0.0034666,0.0079264,0.0051178,0.0022009,0.0036181,0.0088176,0.0014615,0.0020693,0.0018615,0.0028897,0.0022155,0.0015749,0.0052674,0.0042776,0.0030327,0.0027612,0.0022353,0.0032992,0.0050755,0.0010191,0.0005865,0.008592,0.0045707,0.001109,0.0017672,0.0005094,0.0013564,0.001299,0.0043006,0.003395,0.0022713,0.0023507,0.0049812,0.0023292,0.0046919,0.0141997,0.0047313,0.0015963,0.0024944,0.004089,0.0030414,0.0018563,0.0037576,0.0038435,0.0046085,0.0052979,0.0053605,0.0032161,0.0027228,0.0027566,0.010153
0.0096189,0.0038611,0.0030595,0.0121473,0.0046189,0.0018981,0.0131532,0.0164837,0.0112205,0.0214407,0.0146839,0.048221,0.0052498,0.0124875,1.36898,0.0337149,0.0136429,0.0094637,0.0107032,0.0081904,0.0071198,0.0147366,0.0077132,0.0034185,0.0054993,0.0090628,0.0046547,0.010128,0.0095273,0.0030778,0.0078143,0.0029914,0.0055187,0.0074046,0.0373798,0.0110725,0.0021014,0.0141198,0.0112213,0.0025597,0.0009638,0.0051154,0.004189,0.0021801,0.0028831,0.0007647,0.0020845,0.0007771,0.005459,0.006629,0.0015601,0.0014991,0.0052789,0.0045314,0.010725,0.0365382,0.0083198,0.0029193,0.0047938,0.0034981,0.0085333,0.0040843,0.0040368,0.0034713,0.0056454,0.0396634,0.0158306,0.0016489,0.0197751,0.0081257,0.0064092
0.0018163,0.0007255,0.0010905,0.0039234,0.0021052,0.0009662,0.0028185,0.0032671,0.0027159,0.0062629,0.0041266,0.0084706,0.0012609,0.0041173,0.0134828,1.25001,0.0033557,0.0026364,0.0022009,0.0047245,0.0051056,0.0036702,0.0024418,0.001028,0.0015697,0.0029431,0.0011385,0.001429,0.0010901,0.001153,0.0014972,0.0127618,0.0265131,0.008339,0.0031986,0.0017336,0.0009939,0.0110014,0.0015998,0.0007355,0.0004718,0.0017207,0.0019759,0.0007797,0.0013605,0.0003357,0.0010498,0.0001902,0.0012733,0.0013589,0.0007265,0.0007038,0.0037876,0.0016458,0.0016924,0.0044026,0.0014478,0.0009203,0.001253,0.0010806,0.001136,0.0011952,0.0014922,0.0011433,0.0013508,0.0027068,0.0969426,0.0020559,0.0025133,0.0010401,0.0023609
0.0005358,0.0001582,0.0003866,0.0006745,0.0003563,0.0002769,0.0092363,0.0044529,0.0007059,0.0008184,0.0009512,0.0027082,0.0011369,0.0008562,0.0024976,0.001012,1.07654,0.0033495,0.0006513,0.0021758,0.0026931,0.0011837,0.0008471,0.0004611,0.0004506,0.0030118,0.000764,0.0013296,0.0003525,0.0003624,0.0013273,0.0002951,0.0005852,0.0005714,0.0005058,0.0003739,0.000487,0.0006043,0.000377,0.0002338,0.0001962,0.0007483,0.0035849,0.0002392,0.0004309,0.0000845,0.000315,0.0025826,0.0010059,0.001378,0.0003347,0.0001691,0.0006144,0.0004193,0.0004123,0.0007647,0.000411,0.0005948,0.0005531,0.0004303,0.0011443,0.0038633,0.003076,0.0004153,0.0019674,0.0006897,0.0004335,0.0003365,0.0022297,0.0004238,0.0017922
0.0019614,0.0004964,0.0007452,0.0018205,0.0010111,0.0004313,0.0021415,0.00224,0.0027282,0.0072136,0.0057967,0.0102736,0.0010192,0.0072627,0.0071196,0.0029448,0.0038121,1.03983,0.0016525,0.0089481,0.0146956,0.0023943,0.002882,0.0006743,0.0029829,0.0037657,0.0008458,0.0012842,0.0011793,0.0007925,0.0012531,0.0005839,0.0010967,0.0015941,0.0009515,0.0007763,0.0005764,0.0018161,0.0017714,0.0004509,0.0002651,0.0011007,0.0016561,0.0006588,0.0008141,0.0002448,0.0006163,0.0001637,0.0012059,0.0011489,0.0004584,0.0004516,0.0021565,0.0009164,0.0024201,0.0075621,0.0019716,0.0173993,0.0209654,0.0071957,0.0050439,0.001134,0.0028025,0.001761,0.0015645,0.0024712,0.001142,0.0013309,0.0006998,0.0029213,0.0015049
0.125671,0.0075179,0.0014992,0.0026213,0.0017961,0.0016729,0.0030381,0.0085609,0.0069403,0.005376,0.0056819,0.0050038,0.0017303,0.0043291,0.0058564,0.0033197,0.0077682,0.006402,1.2677,0.0221989,0.0444253,0.0194319,0.0190697,0.00229,0.0251561,0.0206059,0.0025558,0.0023394,0.0037641,0.0018632,0.0029894,0.0033381,0.001889,0.0042789,0.0026691,0.001574,0.000806,0.0034819,0.0018219,0.002032,0.0013261,0.0026678,0.00434,0.0043544,0.0031062,0.001452,0.0030434,0.000344,0.0046023,0.0027673,0.0032739,0.0021607,0.0052782,0.0041178,0.0047738,0.0053551,0.0407299,0.0053311,0.0229774,0.0379564,0.0353497,0.0142384,0.0331855,0.0265852,0.145682,0.0045637,0.006145,0.0009988,0.0218216,0.0275086,0.0028473
0.001561,0.0009475,0.0002868,0.0007734,0.0003682,0.0002299,0.0026296,0.0071638,0.003777,0.001583,0.0012234,0.0047128,0.0004357,0.0012595,0.0120615,0.0050519,0.0309978,0.0118481,0.0018223,1.13999,0.168789,0.0185394,0.0165973,0.0004353,0.0011402,0.0128835,0.0009283,0.0014469,0.0010206,0.0110058,0.0025323,0.0004027,0.0006291,0.0027805,0.0009309,0.0004603,0.0003434,0.0011965,0.0005443,0.0007317,0.0004787,0.0007521,0.0008789,0.0002887,0.0004599,0.0001746,0.0003302,0.0002474,0.0006601,0.0014473,0.0002574,0.0001943,0.0007769,0.0004663,0.0009115,0.0023032,0.0006768,0.0008055,0.0017084,0.0039321,0.003123,0.000711,0.0030418,0.0027806,0.0012852,0.002545,0.0019959,0.0007503,0.0009382,0.0015433,0.0008784
0.0003759,0.000077,0.0000674,0.0001463,0.000072,0.0000897,0.0002514,0.0003807,0.0002479,0.0003264,0.0002296,0.0003757,0.0001208,0.0001922,0.0033497,0.0003187,0.0008929,0.0008578,0.0002905,0.0248727,1.0718,0.0006298,0.0236241,0.0001874,0.000186,0.0004665,0.0004757,0.0017353,0.0002688,0.0013855,0.0009279,0.0001379,0.0001793,0.0003533,0.0003137,0.0002127,0.0000574,0.0002188,0.0001692,0.0007366,0.0001321,0.0006988,0.0003996,0.0001878,0.000316,0.0001213,0.0002161,0.0000261,0.0002525,0.0010251,0.0001473,0.0000928,0.0002839,0.0002624,0.0005701,0.0014267,0.0002725,0.0003344,0.0004973,0.0002448,0.0025278,0.0005768,0.0003477,0.0003216,0.0002824,0.0018547,0.0006927,0.0002141,0.0008697,0.00142,0.0002338
0.0103129,0.0017089,0.0019424,0.0056186,0.0022735,0.001623,0.0096387,0.0156834,0.0206063,0.0266763,0.0231084,0.0198018,0.0058637,0.0225793,0.022208,0.0129073,0.0374527,0.0260943,0.0429586,0.0328005,0.0275347,1.27565,0.101745,0.0024378,0.0158647,0.0439162,0.0049072,0.0037149,0.0075724,0.0042766,0.0063006,0.003327,0.004201,0.0061385,0.0056947,0.0035204,0.0037968,0.0166984,0.0055524,0.0083775,0.0019422,0.0043184,0.0059274,0.0028022,0.0035435,0.0016492,0.0026348,0.0007343,0.0040145,0.0048215,0.0027674,0.001842,0.0065946,0.0039545,0.0073384,0.0103584,0.0057518,0.0057031,0.008156,0.0079319,0.0066711,0.0042318,0.0056712,0.0152411,0.0126143,0.006527,0.0039603,0.0043805,0.00451,0.0083792,0.0048506
0.001773,0.0005626,0.0006644,0.001452,0.0007894,0.0008826,0.0020475,0.0026546,0.0020271,0.0029927,0.0023825,0.0024014,0.0008404,0.001843,0.0031494,0.0020023,0.003633,0.0030087,0.0025531,0.0088982,0.0179818,0.0031305,1.01939,0.000966,0.0026006,0.0029248,0.0043174,0.0031734,0.0024695,0.0021133,0.0082099,0.001251,0.0023113,0.0032442,0.0023951,0.0025088,0.0008962,0.0019998,0.0015507,0.0290713,0.0030668,0.0031794,0.0100248,0.0023344,0.0089019,0.0040659,0.0057442,0.000244,0.0024237,0.0029453,0.0034412,0.0015732,0.0066547,0.0050028,0.0053161,0.0025758,0.0046063,0.0035339,0.0050776,0.0025549,0.0053189,0.0079823,0.0037057,0.0054358,0.0029276,0.0038532,0.0025533,0.0043255,0.0037758,0.0054395,0.0029382
0.0441746,0.0072518,0.0063483,0.0294979,0.0091722,0.026066,0.0290615,0.0160634,0.0195025,0.0265646,0.0161512,0.0154315,0.0037916,0.0180933,0.0123935,0.0087204,0.0146776,0.0117727,0.023144,0.0162616,0.0103031,0.0225762,0.0231181,1.02937,0.0215442,0.0200071,0.0043502,0.0056186,0.0058892,0.0051331,0.0056671,0.130512,0.0597773,0.0726782,0.102238,0.0442309,0.0064162,0.0325488,0.0066575,0.0030857,0.0014251,0.0040999,0.006141,0.0040553,0.0042699,0.0010675,0.0032886,0.0016117,0.0099172,0.0053849,0.0027357,0.002415,0.005038,0.0045217,0.0102889,0.0215632,0.0080338,0.0049288,0.0084494,0.0080122,0.0065385,0.0055343,0.0096306,0.0069947,0.0083144,0.0065627,0.0260314,0.0044511,0.0201683,0.0277739,0.033076
0.0727806,0.0242106,0.0213182,0.0333606,0.0157043,0.0103479,0.0284025,0.0535184,0.0726119,0.0390029,0.0602418,0.0544333,0.0229458,0.052204,0.0644065,0.0341621,0.0769916,0.0703517,0.0502866,0.253003,0.0652921,0.116298,0.0971305,0.0242261,1.29126,0.338662,0.0072279,0.0082821,0.0092058,0.007916,0.0099686,0.0079905,0.0124706,0.0142382,0.0130327,0.0067696,0.0067969,0.0188972,0.0097282,0.0069584,0.0027561,0.015727,0.0128072,0.0037405,0.0063393,0.0022013,0.0047597,0.0020412,0.0165411,0.0093456,0.0042628,0.0037975,0.018733,0.0141491,0.0166089,0.0396894,0.0137594,0.0525907,0.0514464,0.02756,0.0128163,0.0096223,0.0210927,0.0093352,0.0189546,0.0185606,0.0139407,0.0096071,0.0083807,0.0214482,0.0244469
0.0145039,0.0035337,0.0029101,0.0135259,0.0047395,0.002207,0.0211454,0.0150757,0.0157373,0.0195725,0.0202759,0.0378021,0.0084803,0.0240538,0.06512,0.0231183,0.0726383,0.0355428,0.0330764,0.0222529,0.0163797,0.0271956,0.0146314,0.0033094,0.0200721,1.08589,0.0061813,0.0075909,0.010461,0.0039108,0.0076801,0.0039154,0.0041686,0.0071936,0.0113387,0.0036283,0.0067033,0.0233841,0.0068562,0.0028951,0.0013745,0.0083495,0.0061694,0.0017065,0.0026482,0.0016937,0.0020224,0.0013674,0.0052437,0.0072241,0.0018905,0.0019628,0.0064725,0.00323,0.0061047,0.0130337,0.0080105,0.0099439,0.009989,0.0102991,0.0077931,0.0035006,0.0057911,0.0041225,0.0156091,0.0122151,0.0073024,0.0028106,0.0046606,0.0071999,0.0119012
0.108952,0.0280749,0.0173197,0.0534027,0.0216968,0.0175772,0.0654542,0.115777,0.0692293,0.136807,0.0897424,0.116776,0.0483708,0.111603,0.141466,0.0775351,0.10962,0.0770167,0.126132,0.0993545,0.111864,0.103279,0.0585088,0.0374386,0.0715489,0.0887931,1.03121,0.0219451,0.0167826,0.0154012,0.0338155,0.030234,0.0587781,0.0664301,0.0666807,0.031572,0.0152902,0.0420077,0.0172745,0.0544233,0.0042566,0.0330739,0.0269414,0.007687,0.0108581,0.00322,0.0088219,0.0043467,0.0184527,0.0434333,0.0075958,0.0077437,0.0192265,0.0153054,0.0218712,0.0526766,0.0278104,0.0298141,0.0364015,0.0275946,0.0241089,0.0146145,0.0281625,0.0207744,0.0535394,0.0275988,0.0373623,0.0111563,0.0273347,0.0249252,0.0371216
0.0009563,0.0002775,0.0004261,0.0017189,0.0007264,0.0003358,0.003498,0.0025528,0.0027172,0.0019433,0.0020223,0.0067625,0.0006245,0.0009784,0.0047245,0.0045714,0.0026409,0.0019677,0.0022273,0.0015865,0.0011439,0.0029994,0.00163,0.000567,0.0012261,0.0017722,0.0004574,1.00253,0.0027572,0.000564,0.0020846,0.0005706,0.0008717,0.0010416,0.0096591,0.0006738,0.0003272,0.002811,0.0013842,0.0005491,0.0001882,0.0008172,0.0007142,0.0004714,0.0005385,0.0001914,0.0003916,0.0002006,0.0012778,0.0015853,0.0002863,0.0002618,0.000873,0.0005577,0.001833,0.0019581,0.0006252,0.0004754,0.0008238,0.0005905,0.0005134,0.0005838,0.0007411,0.0006,0.0008161,0.011584,0.0007525,0.0002469,0.0006341,0.0005205,0.0010303
0.0001429,0.00002,0.0000235,0.0000468,0.000018,0.000045,0.0004004,0.0000694,0.0001657,0.0000809,0.0000797,0.0001141,0.0000293,0.0001022,0.0001361,0.0000455,0.0004817,0.0002166,0.0001639,0.000101,0.0000885,0.0001291,0.0006849,0.0000467,0.0002533,0.0001449,0.0000328,0.0000914,1.00009,0.0000391,0.0000796,0.0000289,0.0000772,0.0000505,0.0009257,0.0002635,0.0000395,0.0000708,0.0000381,0.000036,0.0000127,0.0000324,0.0000648,0.0000308,0.0000364,0.000014,0.0000268,0.0001229,0.0001145,0.0000431,0.0000294,0.0000206,0.0000526,0.0000309,0.0001616,0.0000664,0.0000461,0.0000538,0.0000622,0.0000478,0.0000467,0.0000457,0.000054,0.0003064,0.0000966,0.0001635,0.0000318,0.0000218,0.0000417,0.000041,0.0000882
0.0003232,0.0000608,0.0000815,0.0001899,0.000083,0.0001131,0.001367,0.0003268,0.0004212,0.0002805,0.0002816,0.0005747,0.0000957,0.0002683,0.0005427,0.0003277,0.0011818,0.0005742,0.0004499,0.0015555,0.0004905,0.0004457,0.003962,0.0001364,0.000495,0.0004175,0.000133,0.0003432,0.0003795,1.00014,0.0003459,0.0001118,0.0002034,0.0001867,0.0020972,0.0004614,0.000144,0.0002846,0.0001692,0.0001932,0.0000571,0.000135,0.0002685,0.0001517,0.0001635,0.0000677,0.0001252,0.0002783,0.0004126,0.0002126,0.0001322,0.0000845,0.0002329,0.0001387,0.0004937,0.0002876,0.0002998,0.000201,0.0002406,0.0001823,0.000189,0.0002073,0.0002209,0.0011886,0.0014825,0.000955,0.0001218,0.0000983,0.0001674,0.0002095,0.0003073
0.0054657,0.0007872,0.001841,0.0033424,0.0008919,0.0028716,0.0616275,0.0038504,0.0032855,0.0034686,0.0028918,0.0041128,0.0009621,0.0029333,0.0043595,0.0022035,0.0109195,0.0053045,0.0051462,0.0095766,0.0037908,0.004445,0.0250371,0.0032032,0.0077955,0.0046627,0.0013503,0.0101268,0.003213,0.0055981,1.00445,0.001774,0.0034678,0.014318,0.032931,0.0102814,0.0027088,0.0068447,0.0018439,0.0015242,0.0006559,0.0016343,0.0024854,0.0014674,0.001591,0.0005616,0.0012294,0.0045412,0.0066636,0.0016482,0.0013369,0.0007566,0.0022397,0.0014502,0.0026013,0.0025074,0.0023248,0.0020751,0.0023727,0.0023139,0.0021921,0.0069869,0.0051703,0.0092427,0.0139341,0.0061738,0.0016797,0.0012812,0.0028069,0.0029906,0.0102604
0.0033706,0.0008778,0.0009921,0.0023867,0.001776,0.0024308,0.0035331,0.0078337,0.006402,0.0060193,0.006997,0.0060931,0.0019866,0.0039212,0.0060218,0.004768,0.0080296,0.0055923,0.0056413,0.0064759,0.0074517,0.0066325,0.0092178,0.0015643,0.0038956,0.0071292,0.004817,0.0032411,0.0024404,0.0035762,0.0037966,1.0027,0.0027965,0.0101986,0.0121423,0.0024074,0.0009359,0.0128908,0.0035114,0.0044808,0.0023966,0.0040515,0.0103035,0.007461,0.0080511,0.0020728,0.006809,0.0004679,0.0058071,0.0048786,0.0059541,0.0051332,0.0065674,0.0036869,0.0096445,0.0090582,0.007353,0.0046752,0.0036682,0.004359,0.0043533,0.0040532,0.0071104,0.0035556,0.004105,0.0033985,0.0147377,0.0061357,0.0085657,0.0036352,0.0030183
0.0112509,0.0014836,0.0015647,0.0228245,0.001536,0.0057421,0.0048876,0.0129348,0.0298418,0.0332147,0.0112437,0.007245,0.0018701,0.0096832,0.0080808,0.0048687,0.0096239,0.0060835,0.0134635,0.0057812,0.003044,0.0205908,0.005435,0.005367,0.0107127,0.0133268,0.0007644,0.0009657,0.0012056,0.0008679,0.0011479,0.0020582,1.00568,0.0023941,0.011907,0.0011952,0.000908,0.0021309,0.0011296,0.0006556,0.0002851,0.0016975,0.0015152,0.0005108,0.0007984,0.000324,0.000596,0.00034,0.0025187,0.0011303,0.0006488,0.000435,0.0016627,0.0009041,0.0015243,0.0031605,0.0017529,0.0015826,0.0019819,0.0017454,0.0017943,0.0011262,0.0020076,0.0015437,0.0038016,0.0015776,0.0021865,0.0013728,0.0054051,0.0021175,0.0072169
0.006319,0.0004324,0.0006622,0.0037994,0.0005414,0.0007522,0.0018616,0.0010317,0.0049459,0.0057625,0.0019043,0.0012968,0.0004259,0.0019712,0.0012329,0.0009328,0.0012528,0.0012861,0.0060534,0.0016358,0.0009727,0.0018484,0.0008407,0.0006506,0.0029303,0.0015426,0.0003186,0.0004652,0.0003461,0.00029,0.0004446,0.0007043,0.0007991,1.00088,0.000974,0.0004382,0.0005671,0.0006261,0.0003277,0.0002114,0.0001425,0.0004969,0.0006028,0.0002751,0.0004633,0.0001041,0.0003517,0.0001156,0.000662,0.0004326,0.0002275,0.0002022,0.0031159,0.0006328,0.0005335,0.0009326,0.0006348,0.0005108,0.0007225,0.0006042,0.000575,0.0005011,0.0007817,0.0005698,0.0013175,0.0004576,0.0081853,0.0005471,0.0043247,0.0007502,0.0013393
0.0341823,0.0090532,0.0041291,0.0150437,0.0056426,0.0039036,0.0198302,0.0351055,0.0367381,0.0435883,0.0256278,0.0240427,0.00761,0.0236691,0.0264927,0.0168864,0.0292608,0.0173902,0.0457444,0.0263645,0.0232619,0.0305252,0.0167749,0.0204738,0.0165775,0.0224245,0.0045067,0.0109957,0.015084,0.0182003,0.0105412,0.0094718,0.0105389,0.0142093,1.02043,0.0052748,0.0038635,0.013954,0.0045917,0.0052363,0.0012833,0.0067972,0.0069427,0.0016881,0.0032371,0.000914,0.0023269,0.001294,0.005019,0.0041765,0.0019539,0.0015831,0.0051039,0.0030399,0.0048035,0.0128868,0.006252,0.0042996,0.0061644,0.0059687,0.0063508,0.0043758,0.0078015,0.0057886,0.0130897,0.0059812,0.0129463,0.0031066,0.0084979,0.0066393,0.0098829
0.0005807,0.0002089,0.0002249,0.000579,0.0003926,0.0004754,0.0007243,0.0017054,0.0014268,0.0014794,0.0015742,0.0012589,0.0003479,0.0007644,0.0011616,0.0008621,0.001693,0.0013964,0.0010235,0.0012463,0.0016161,0.0014492,0.0019798,0.0003426,0.000698,0.0014305,0.0007066,0.0007107,0.000537,0.0004405,0.000786,0.0004645,0.0052185,0.0010296,0.0006742,1.00056,0.0002112,0.0006892,0.0005781,0.0009644,0.0008186,0.0014667,0.0032634,0.0025811,0.0019798,0.0010037,0.0017625,0.0001404,0.0017752,0.0013406,0.0021216,0.0014966,0.0021718,0.0011371,0.0028754,0.0020964,0.0022815,0.0015028,0.0019806,0.0023238,0.0009772,0.0135509,0.001168,0.0009958,0.0010814,0.0009175,0.0004719,0.0005538,0.0008667,0.0054494,0.0009369
0.0028862,0.0004786,0.0236955,0.0018208,0.0004835,0.0261419,0.0014607,0.0013301,0.0017347,0.0020247,0.0012819,0.001106,0.0003124,0.0011933,0.000994,0.0006904,0.0011567,0.0008967,0.0017121,0.0016109,0.0010071,0.0021302,0.001596,0.0326743,0.0024055,0.0017692,0.0004579,0.0006147,0.0008641,0.0006578,0.0007255,0.0063351,0.0029851,0.0044187,0.005213,0.002512,1.00092,0.0020846,0.0010579,0.0002649,0.0001627,0.0004744,0.000639,0.0003553,0.0005249,0.0001118,0.0003803,0.0001245,0.0024385,0.0005193,0.000331,0.0002416,0.0005571,0.0005814,0.0007753,0.001414,0.0015434,0.0005576,0.0008782,0.0009857,0.0008349,0.000702,0.0010646,0.0008997,0.000885,0.0007297,0.0013961,0.0003513,0.0056384,0.0017264,0.0141062
0.0103439,0.0094052,0.001994,0.0075823,0.0022807,0.0179816,0.0073538,0.0157283,0.0134515,0.0132342,0.0087159,0.0085669,0.0030113,0.0078707,0.0096095,0.0062034,0.0136237,0.0072269,0.0125158,0.0102595,0.0100885,0.0118076,0.0095656,0.0050245,0.0064926,0.0089421,0.0271173,0.0155519,0.0104689,0.0185724,0.0220396,0.105129,0.0175016,0.159075,0.125647,0.0108097,0.0079075,1.17995,0.025346,0.0106664,0.0062979,0.0049307,0.0230832,0.0043373,0.0166427,0.0027935,0.0103908,0.0006697,0.0057228,0.011004,0.0071598,0.0031628,0.0115062,0.0045374,0.0098797,0.0142485,0.006976,0.0064379,0.009812,0.0063183,0.0086014,0.0160198,0.0081193,0.0047234,0.0064176,0.0068771,0.0064066,0.0034028,0.0085312,0.0041208,0.0140516
0.0078458,0.0010015,0.0006731,0.0039877,0.0008034,0.0021265,0.0036839,0.0086496,0.0055113,0.0060739,0.0068816,0.0057103,0.0020819,0.004378,0.006992,0.0050179,0.0081205,0.0082896,0.0061471,0.0095277,0.0102328,0.006313,0.0092106,0.0019239,0.003714,0.0059059,0.013147,0.017615,0.0386398,0.0540286,0.0214908,0.0031806,0.0020746,0.0165581,0.022368,0.0026622,0.0008809,0.0246188,1.04513,0.0028691,0.0012809,0.0018435,0.0051296,0.0007282,0.0030364,0.0005597,0.0019193,0.0003095,0.0017254,0.0025284,0.0015289,0.0007431,0.0022416,0.0011092,0.0032014,0.0034202,0.0015944,0.0019005,0.0029037,0.001935,0.0023389,0.0030599,0.0021826,0.0023477,0.0042737,0.0023146,0.0022213,0.00106,0.0013835,0.0030953,0.0026739
0.0023262,0.0008404,0.0014247,0.0023864,0.0013406,0.0018854,0.0030178,0.0043399,0.0035439,0.003857,0.0045067,0.0038061,0.0016517,0.0026676,0.0041109,0.0037981,0.00457,0.0042547,0.0033429,0.004816,0.0071081,0.0038217,0.0045228,0.0018588,0.0029827,0.0038313,0.0038211,0.0049861,0.0032321,0.0033424,0.0053292,0.0023335,0.0045859,0.0054159,0.0024143,0.0029478,0.0014402,0.0024099,0.0028138,1.16665,0.0020811,0.0052081,0.0116393,0.0036772,0.0090972,0.0015577,0.0065563,0.0003433,0.0041952,0.0049134,0.0051926,0.003516,0.0101032,0.0113193,0.0074765,0.0036351,0.0047435,0.0038349,0.005387,0.0034515,0.0040036,0.0047486,0.004594,0.0040702,0.0036216,0.0036372,0.0041301,0.0088939,0.0072263,0.0060195,0.0048801
0.0007498,0.000225,0.0003389,0.0006657,0.0004271,0.0004275,0.0009578,0.0012061,0.0009946,0.0010676,0.0011517,0.0010489,0.0004411,0.0007583,0.0011335,0.0009283,0.0014874,0.0011345,0.0009706,0.0013381,0.0018802,0.0010971,0.0012766,0.000496,0.0008262,0.0010881,0.0013614,0.0033232,0.0022083,0.000963,0.0019343,0.0008662,0.0008954,0.0022231,0.0009944,0.0013168,0.0003797,0.0009338,0.0012234,0.0010223,1.10374,0.0703982,0.0026358,0.001186,0.0025383,0.0005641,0.0018903,0.0001201,0.0022295,0.0014637,0.0018198,0.001108,0.0028561,0.0028828,0.0021076,0.0012714,0.0197324,0.0013721,0.0016483,0.0065672,0.0044354,0.0059663,0.0018384,0.0095242,0.0031787,0.0019585,0.002622,0.002014,0.0015248,0.0020658,0.0010176
0.0104288,0.0029135,0.0047162,0.0094195,0.0060497,0.0057792,0.0137912,0.0165913,0.0137419,0.0145571,0.0160432,0.0145808,0.0063106,0.0105931,0.0153885,0.0129304,0.0214717,0.0157747,0.0133264,0.0186433,0.0264961,0.0150382,0.0173392,0.0067935,0.0112308,0.01495,0.0194409,0.0262486,0.0150196,0.0136577,0.0265648,0.0108787,0.0122394,0.0330983,0.0143168,0.0201101,0.0055002,0.0131542,0.0184393,0.0113744,0.0134396,1.18528,0.0381252,0.0159031,0.0375897,0.0081919,0.0277359,0.0017175,0.0333451,0.02126,0.027202,0.0158321,0.0260568,0.036268,0.0296956,0.0174407,0.0226998,0.0197477,0.0237988,0.0188263,0.0196715,0.0217845,0.0206666,0.0196081,0.0179175,0.0181083,0.0134042,0.0169919,0.0190753,0.0259417,0.0141839
0.0045488,0.0014615,0.0030495,0.0048247,0.0028462,0.0048165,0.0062389,0.0158387,0.0119667,0.0109347,0.0132281,0.0124468,0.0037918,0.0077613,0.0113208,0.0117347,0.0157259,0.0124803,0.0088545,0.0140623,0.0188548,0.0130817,0.012027,0.0042541,0.0071514,0.0112621,0.0072722,0.0128078,0.0093934,0.0088461,0.0129302,0.0085768,0.0066946,0.0111668,0.0054548,0.0055689,0.00286,0.005507,0.0050062,0.0154448,0.0044449,0.0101919,1.02992,0.0117835,0.0530728,0.003988,0.0345844,0.0008174,0.0093594,0.0095559,0.0112214,0.0061701,0.0135329,0.0241029,0.0205058,0.0122264,0.0090442,0.0065132,0.0114734,0.0065011,0.0065747,0.0096156,0.0086789,0.0078382,0.0092765,0.0094343,0.0083503,0.0451795,0.0227794,0.0117899,0.0113934
0.0419401,0.0056594,0.0106573,0.0196518,0.010966,0.0196643,0.0177006,0.0206153,0.0235779,0.0236401,0.0237637,0.0206706,0.0064941,0.0152309,0.0219202,0.0155709,0.0230305,0.0209109,0.02832,0.0272392,0.0322637,0.0200945,0.0200722,0.0109762,0.016159,0.0240536,0.0190793,0.020836,0.0220008,0.0149786,0.0290017,0.0195625,0.0408967,0.0205225,0.028709,0.0299918,0.0056482,0.0160346,0.0149009,0.0132567,0.0099598,0.0172975,0.0280299,1.11212,0.0742455,0.0150725,0.118629,0.0150971,0.0361192,0.0609513,0.021274,0.0123186,0.0261602,0.046464,0.022478,0.0196561,0.0189574,0.0202588,0.0207551,0.0240337,0.0169851,0.0195368,0.0264606,0.01987,0.0206949,0.0216603,0.0059614,0.0060463,0.0417028,0.0152864,0.0469813
0.0067566,0.0023667,0.002393,0.0124921,0.0081249,0.0040879,0.0053788,0.0054919,0.0070538,0.0113946,0.0100137,0.0085973,0.0021563,0.0059086,0.0086238,0.0062127,0.0094804,0.0082593,0.0061922,0.0065228,0.0077726,0.0055125,0.0056157,0.0029647,0.0043678,0.0060165,0.0046,0.0046945,0.0049928,0.0037797,0.0060776,0.0036066,0.0264277,0.0202676,0.0070262,0.0070799,0.0021311,0.0042908,0.003845,0.0032917,0.0022626,0.0038443,0.0051747,0.0683562,1.09758,0.009713,0.623644,0.0016545,0.0082001,0.0097653,0.0073905,0.0028545,0.0062795,0.0176604,0.0070934,0.005454,0.0050065,0.0060577,0.020648,0.0075318,0.0129645,0.0060589,0.0057624,0.0051826,0.0080002,0.0252841,0.0019804,0.0015655,0.006375,0.0063348,0.017555
0.0506176,0.0081622,0.0072802,0.0187391,0.0098462,0.0054798,0.0089191,0.0175663,0.0172518,0.0178506,0.0153817,0.0161474,0.0057791,0.0154041,0.0163681,0.0105528,0.0180658,0.0134312,0.0249006,0.0269508,0.0596516,0.0143897,0.0143413,0.0079532,0.0122955,0.0141137,0.025799,0.0304358,0.0192108,0.0116985,0.0232114,0.0112618,0.0107284,0.0707546,0.0536039,0.13255,0.0059563,0.0294297,0.0191352,0.0083951,0.0110659,0.0108227,0.0143542,0.0431784,0.0589751,1.4534,0.082345,0.008541,0.0313046,0.0286768,0.0319798,0.0078086,0.0193374,0.0157866,0.0276819,0.0339113,0.0167736,0.0599451,0.109986,0.0332282,0.0277757,0.0480051,0.0326961,0.024159,0.0214346,0.0154526,0.0056758,0.0145984,0.0587398,0.0069372,0.0148745
0.0002338,0.0000483,0.0000457,0.0001697,0.0001021,0.0000532,0.0000761,0.0001078,0.0001196,0.0001576,0.0001375,0.0001285,0.0000384,0.0001035,0.0001301,0.0000893,0.0001425,0.0001163,0.0001394,0.0001496,0.0002747,0.0000969,0.0000975,0.000053,0.0000804,0.0001001,0.0001291,0.0001458,0.000109,0.0000733,0.0001321,0.0000696,0.000257,0.0004165,0.0002465,0.0005236,0.0000386,0.000139,0.0000991,0.0000569,0.0000576,0.00007,0.0000935,0.0007185,0.0093106,0.0051764,1.01937,0.0000437,0.000178,0.0001817,0.0001737,0.0000512,0.0001201,0.0002108,0.0001563,0.0001646,0.0001005,0.0002608,0.0005572,0.0001792,0.0002051,0.0002188,0.0001627,0.0001282,0.0001423,0.0002641,0.0000365,0.0000642,0.0002589,0.000077,0.0001979
0,0,0,0,0,0,0,0,0,0,0,0,0,0,0,0,0,0,0,0,0,0,0,0,0,0,0,0,0,0,0,0,0,0,0,0,0,0,0,0,0,0,0,0,0,0,0,1,0,0,0,0,0,0,0,0,0,0,0,0,0,0,0,0,0,0,0,0,0,0,0
0.0365198,0.0055365,0.0071205,0.0133743,0.0076938,0.0136597,0.0251844,0.0248543,0.0190693,0.0227025,0.0226594,0.0196085,0.0072731,0.0158378,0.0235399,0.0166451,0.0251798,0.0197468,0.0260993,0.0284128,0.0374234,0.0224527,0.0242807,0.010522,0.0175285,0.0207886,0.0461343,0.0582995,0.0997917,0.0865135,0.113232,0.0259933,0.0209711,0.0847132,0.0365699,0.0240886,0.0062814,0.0376813,0.137855,0.0187874,0.0198234,0.0481733,0.0689604,0.0222396,0.0622953,0.0141416,0.0469207,0.0222973,1.1853,0.0521821,0.0558971,0.0319731,0.0814219,0.0629859,0.0486825,0.0475152,0.136162,0.0824606,0.0725833,0.153291,0.126546,0.102247,0.114231,0.0439849,0.0777691,0.108868,0.0111582,0.024189,0.0260588,0.0318551,0.0338123
0.0209614,0.0040698,0.0173885,0.0235872,0.0128684,0.0065536,0.0201256,0.0165351,0.0188295,0.0186796,0.0207349,0.0189949,0.0081791,0.0144305,0.0221563,0.016874,0.0151897,0.0200618,0.0206451,0.0187462,0.0291076,0.0208493,0.0198624,0.0151575,0.0195383,0.0184557,0.014429,0.0099678,0.011579,0.0112839,0.0167615,0.0446463,0.0382393,0.0122375,0.0364289,0.0282647,0.0029529,0.0171296,0.0112171,0.0112629,0.0115145,0.0210575,0.0453833,0.0059535,0.0152878,0.0036169,0.0102685,0.0012976,0.012732,1.01877,0.0105534,0.0067278,0.0151296,0.0442844,0.0150772,0.0259854,0.0155832,0.0131828,0.0217918,0.010899,0.0094905,0.0228329,0.0156077,0.0132705,0.0186915,0.0107572,0.0060867,0.0051651,0.009244,0.0084626,0.0106886
0.0086051,0.0031122,0.005415,0.0147564,0.0288088,0.0103635,0.0092362,0.0115666,0.010127,0.0105103,0.0099948,0.0095091,0.0034261,0.0068111,0.0107728,0.0078341,0.0104795,0.0128635,0.0094674,0.0124321,0.0156857,0.01035,0.0096566,0.0058825,0.0085875,0.0102736,0.0106872,0.0077965,0.0070592,0.0080268,0.0100447,0.0099755,0.0180644,0.0152641,0.0063006,0.0126781,0.0034291,0.0074803,0.0089594,0.0076308,0.0064217,0.0128302,0.0156662,0.0116914,0.0210803,0.0103909,0.0224809,0.0015826,0.0141065,0.0217239,1.01483,0.0089181,0.0275694,0.0331382,0.0142879,0.0103974,0.0073282,0.0115934,0.0273052,0.0112236,0.0094849,0.0177393,0.0312674,0.0096718,0.0102998,0.0088603,0.0055813,0.0056648,0.014113,0.010508,0.0102831
0.0084186,0.0022013,0.0190685,0.008287,0.0036207,0.0061885,0.0079604,0.0121747,0.0103609,0.0117369,0.0208946,0.0232027,0.0102274,0.0086906,0.0154801,0.0185799,0.0116633,0.0119285,0.0107132,0.0138336,0.0169395,0.012001,0.0176849,0.0180798,0.0110551,0.0118355,0.0092553,0.0109509,0.0068731,0.0088029,0.0108076,0.0141433,0.0262272,0.0128714,0.00804,0.0059963,0.0025747,0.006919,0.0076804,0.0184258,0.0066434,0.0109953,0.0415597,0.0084498,0.0277148,0.0043622,0.0193173,0.00108,0.0131362,0.0294475,0.0152685,1.0103,0.0137675,0.0460036,0.0183105,0.009956,0.0114419,0.0091215,0.0181396,0.0102434,0.0088898,0.0083899,0.0101994,0.0082824,0.0097354,0.0080892,0.0131794,0.0845658,0.0084352,0.0126185,0.0144212
0.0342242,0.014831,0.0183403,0.0417077,0.0230015,0.0291136,0.0513614,0.0652951,0.0540427,0.0582522,0.0628336,0.0529433,0.019252,0.0396016,0.0589485,0.047249,0.0707517,0.0658144,0.0516551,0.0744863,0.111856,0.0562897,0.0625531,0.024985,0.0436587,0.0597429,0.0617988,0.0858078,0.0537269,0.0512163,0.0885445,0.0289553,0.0682943,0.0976621,0.0353482,0.0540346,0.0288212,0.0329432,0.043238,0.0415485,0.0327739,0.0922119,0.121879,0.0550902,0.0931073,0.0241951,0.0758099,0.0052154,0.0567071,0.0742882,0.0479751,0.0454581,1.12756,0.140783,0.0756551,0.0524377,0.0480027,0.0549894,0.0740684,0.0548372,0.0477857,0.0848077,0.0839727,0.0710594,0.0591894,0.0474589,0.0437471,0.0732273,0.0436197,0.0422093,0.0865476
0.0268,0.0063805,0.0345143,0.0423181,0.0162371,0.0092649,0.0243678,0.0772553,0.0675987,0.0577629,0.0600147,0.0617015,0.02872,0.0499864,0.132867,0.0822741,0.0615853,0.0786312,0.0789006,0.112699,0.126285,0.0847818,0.0691667,0.064296,0.114791,0.0816253,0.0498914,0.0122627,0.021829,0.103318,0.0347579,0.0191578,0.0178286,0.0367286,0.0365717,0.0164892,0.00625,0.029716,0.0153743,0.0174459,0.0054782,0.0157084,0.024204,0.0228495,0.0449351,0.0067052,0.0304194,0.0023832,0.0227791,0.0228678,0.0272424,0.013488,0.0261346,1.0128,0.0464637,0.0486354,0.0183392,0.0420326,0.0333656,0.0295928,0.0260074,0.0287999,0.0262762,0.0541703,0.0836192,0.0241048,0.0170433,0.0076653,0.0133239,0.0133367,0.0177928
0.025891,0.0063684,0.0094487,0.0210578,0.0128881,0.024168,0.0247867,0.0395276,0.0345975,0.0446062,0.0500754,0.033205,0.0151287,0.0266893,0.0366647,0.0398277,0.0346623,0.0306288,0.0308813,0.0418784,0.171547,0.0386894,0.0608372,0.0149166,0.0241269,0.0343205,0.0441249,0.0435673,0.0472078,0.0352438,0.0577209,0.0319167,0.0462817,0.0779515,0.0463697,0.046767,0.0114173,0.0600663,0.0776201,0.0300175,0.015913,0.0393851,0.0745376,0.0334933,0.053815,0.0205559,0.0389414,0.0098353,0.225162,0.0762272,0.05013,0.058954,0.0645968,0.0528104,1.07423,0.0789785,0.0561931,0.0608746,0.0802475,0.0693378,0.0528448,0.066502,0.056863,0.0473337,0.041328,0.0469747,0.0327293,0.0310033,0.0437755,0.0377518,0.0474957
0.0025416,0.0007639,0.0049002,0.0036425,0.0011573,0.0021486,0.0038215,0.0047458,0.0049642,0.0157263,0.0066206,0.0043925,0.0013708,0.0045878,0.0045812,0.0034276,0.0050704,0.0039926,0.004845,0.0072067,0.0049154,0.0074543,0.0042527,0.0054113,0.0062374,0.0052912,0.0022221,0.0048969,0.0045603,0.0028035,0.0037904,0.0024565,0.0030877,0.0610331,0.0041689,0.0248159,0.0019525,0.0070239,0.0055403,0.0009385,0.0007476,0.0018311,0.0024504,0.0009208,0.0020698,0.0009497,0.0014798,0.0005227,0.0131779,0.003556,0.0014647,0.0010145,0.0030937,0.0030941,0.0036944,1.09463,0.0056933,0.0037428,0.0049937,0.0066433,0.0048713,0.0032769,0.0057718,0.006732,0.0043759,0.0060196,0.0023507,0.0011877,0.0030394,0.0119243,0.01346
0.0014443,0.0008978,0.0000703,0.0001397,0.0000637,0.0002546,0.0007048,0.0004257,0.0002126,0.0004909,0.0002679,0.0002596,0.0000876,0.0002241,0.0002776,0.0001877,0.0003377,0.0002318,0.0005754,0.0003608,0.0003575,0.000336,0.0009942,0.0001164,0.0002441,0.0002513,0.0007088,0.0015633,0.0070331,0.0001717,0.0092577,0.0002626,0.0003877,0.0004834,0.0005593,0.0002531,0.0000756,0.0003352,0.0002009,0.0001494,0.0003014,0.0013354,0.0013428,0.0002444,0.0003405,0.0000567,0.0002403,0.0000615,0.0003669,0.0002263,0.0001521,0.00019,0.0002625,0.0002785,0.0006625,0.0003551,1.0084,0.000179,0.0005146,0.0002012,0.0001752,0.0102048,0.0013499,0.0002736,0.000372,0.0029035,0.0014289,0.0005102,0.0035327,0.0059131,0.0003448
0.0000847,0.0000495,0.0000589,0.0000456,0.0000462,0.0000454,0.0000663,0.0001132,0.000078,0.0003107,0.0001304,0.0001151,0.000078,0.000117,0.0001183,0.0000925,0.0001039,0.0001077,0.000092,0.0000971,0.0001041,0.0001419,0.0001073,0.0000845,0.0000887,0.0001009,0.0000619,0.0000522,0.0000703,0.000055,0.0000794,0.000692,0.0000876,0.000523,0.0000798,0.0000651,0.0000285,0.0000867,0.0000497,0.0000704,0.000061,0.0001606,0.0001431,0.0000911,0.0005453,0.0000424,0.0003302,0.000011,0.0000981,0.0000702,0.0000455,0.0000511,0.0002562,0.0001037,0.0001545,0.000163,0.0000842,1.0101,0.0160586,0.0002571,0.0000466,0.0005029,0.0000881,0.0000856,0.0000697,0.0001546,0.0002064,0.0081547,0.0001373,0.0051977,0.0000707
0.0000003,0.0000002,0.0000002,0.0000002,0.0000002,0.0000002,0.0000002,0.0000004,0.0000003,0.000001,0.0000005,0.0000004,0.0000003,0.0000004,0.0000004,0.0000003,0.0000004,0.0000004,0.0000003,0.0000003,0.0000004,0.0000005,0.0000004,0.0000003,0.0000003,0.0000004,0.0000002,0.0000002,0.0000002,0.0000002,0.0000003,0.0000027,0.0000003,0.0000019,0.0000003,0.0000002,0.0000001,0.0000003,0.0000002,0.0000003,0.0000002,0.0000006,0.0000005,0.0000003,0.0000021,0.0000002,0.0000013,0,0.0000003,0.0000002,0.0000002,0.0000002,0.0000008,0.0000004,0.0000005,0.0000005,0.0000003,0.0000309,1.00216,0.0000008,0.0000002,0.0000016,0.0000003,0.0000003,0.0000002,0.0000005,0.0000008,0.0000315,0.0000005,0.0000161,0.0000002
0.0000936,0.000033,0.000087,0.0000514,0.0000678,0.0000595,0.0000743,0.0000958,0.0000925,0.0001598,0.0001184,0.0001354,0.0001214,0.0001285,0.0001433,0.0001139,0.0001169,0.0001294,0.0001108,0.0001156,0.0000987,0.0001314,0.0001391,0.0001307,0.0001236,0.0001291,0.0000721,0.0000373,0.0000635,0.0000665,0.0000616,0.0012593,0.0001069,0.0008002,0.000097,0.000042,0.0000317,0.0000824,0.0000431,0.0001038,0.0000726,0.0002107,0.0001882,0.0001336,0.0009529,0.0000625,0.000567,0.0000144,0.000082,0.0000736,0.0000487,0.0000615,0.0000733,0.0001132,0.0000747,0.0000801,0.0000782,0.0000408,0.0000605,1.00006,0.0000426,0.0000727,0.000065,0.0001032,0.0000772,0.0000623,0.0003437,0.015066,0.0002044,0.0003979,0.0000572
0.0000073,0.0000067,0.0000034,0.0000028,0.0000022,0.0000024,0.0000047,0.0000116,0.0000049,0.0000481,0.0000131,0.0000089,0.0000041,0.0000107,0.0000085,0.0000063,0.0000075,0.0000074,0.0000064,0.0000059,0.0000052,0.0000147,0.000006,0.0000043,0.0000049,0.0000061,0.0000029,0.0000032,0.0000058,0.0000027,0.000009,0.0000266,0.0000045,0.0000305,0.0000056,0.0000068,0.0000017,0.0000082,0.0000032,0.0000029,0.0000024,0.0000068,0.0000063,0.0000037,0.0000213,0.0000017,0.0000129,0.0000006,0.0000065,0.0000034,0.000002,0.0000021,0.0000033,0.0000042,0.0000037,0.0000234,0.0000073,0.0000025,0.0000044,0.0000036,1,0.0000083,0.0000046,0.0000046,0.0000041,0.0000134,0.000009,0.00031,0.0000072,0.0010745,0.0000053
0.0019048,0.0004469,0.0006572,0.0012903,0.0007107,0.0012797,0.0015266,0.0030442,0.0024436,0.0025205,0.0025415,0.0022747,0.0007869,0.0015997,0.00272,0.0019452,0.0027809,0.0023992,0.0023865,0.0030975,0.0040175,0.0027359,0.0028927,0.0011067,0.0019677,0.0027083,0.0024545,0.00347,0.002884,0.0018961,0.0028378,0.0011179,0.0077915,0.0025677,0.0017254,0.0015421,0.0004781,0.0017603,0.0021807,0.0016618,0.0277518,0.0408323,0.0040276,0.0036776,0.0038414,0.0011037,0.0034326,0.0002403,0.0044217,0.0024822,0.0042496,0.0019999,0.0048124,0.0094223,0.005261,0.0028977,0.0045112,0.0023886,0.002984,0.0027825,0.002998,1.12873,0.0075256,0.0033617,0.00463,0.0031917,0.0026522,0.0014233,0.0023169,0.0020333,0.0016996
0.0004365,0.0000653,0.000121,0.0002122,0.0001473,0.0001876,0.0002892,0.0006169,0.0004926,0.0004545,0.0005477,0.0004626,0.0001499,0.0002901,0.0005468,0.0003881,0.0005979,0.0005206,0.00048,0.0005453,0.0007171,0.0005413,0.0007248,0.0001999,0.0003844,0.0005515,0.0004158,0.0002108,0.0004598,0.0002941,0.0008051,0.0001499,0.0002309,0.0003369,0.0002366,0.0001953,0.0000691,0.0002254,0.0002115,0.0003306,0.0001764,0.0003553,0.0010212,0.0008234,0.0006652,0.0002424,0.0005755,0.0000466,0.0006247,0.0004019,0.0007742,0.0005354,0.0006429,0.0018889,0.0011874,0.000717,0.0008103,0.0005506,0.0003256,0.0004738,0.0004595,0.0008013,1.00039,0.0016987,0.0006887,0.0003148,0.0035605,0.0001855,0.0002259,0.0005873,0.0009248
0.0014644,0.00036,0.0006529,0.0013413,0.0010827,0.0017871,0.002196,0.0043951,0.0035384,0.0032301,0.0041139,0.0033509,0.0009544,0.0019299,0.00311,0.0023448,0.004507,0.003721,0.0026545,0.0033576,0.0044985,0.0036461,0.0072784,0.0009392,0.0018432,0.0041054,0.0019664,0.001541,0.001864,0.0012918,0.0022534,0.0012223,0.001826,0.0026207,0.0015109,0.0020596,0.000608,0.0023604,0.002245,0.0030322,0.0016748,0.0031049,0.0101774,0.008156,0.0061835,0.0022954,0.0054821,0.0003864,0.0053422,0.0039034,0.0060825,0.0053619,0.0054328,0.0036656,0.0083361,0.0082864,0.0055094,0.0038488,0.0024281,0.0031568,0.0029245,0.002851,0.0030632,1.00292,0.0036699,0.00254,0.0037705,0.0029238,0.0024358,0.0029075,0.0023936
0.006398,0.0012223,0.0021042,0.0041409,0.0061467,0.0065308,0.0059525,0.0147332,0.0109353,0.0122937,0.012569,0.0106434,0.0029196,0.0067019,0.0103554,0.0074341,0.0130643,0.0109899,0.0094484,0.0125907,0.0162956,0.012386,0.0154604,0.0033889,0.0062137,0.0119126,0.0081096,0.0085926,0.0077322,0.0054503,0.0095181,0.0137668,0.0051699,0.0077384,0.0070382,0.0051682,0.001696,0.0056015,0.0057142,0.0064549,0.0037157,0.0070062,0.0191482,0.0248324,0.0130435,0.0079279,0.015027,0.0011841,0.0220108,0.0119619,0.0182791,0.0115512,0.0176681,0.0172714,0.0216901,0.0153442,0.0131625,0.0156442,0.023008,0.0117681,0.0142667,0.0082372,0.0090391,0.0228278,1.01155,0.0082377,0.0054476,0.0047476,0.0196177,0.0157567,0.0074783
0.0092604,0.004666,0.0027784,0.0054713,0.0037816,0.0037408,0.0096301,0.0136679,0.0119536,0.0148778,0.0126819,0.010041,0.0039301,0.0083216,0.0121758,0.0084448,0.0111693,0.0094327,0.0112398,0.0149188,0.0152127,0.0151364,0.0124678,0.0058131,0.0090707,0.0117992,0.0146434,0.0139049,0.0164931,0.0098651,0.0149022,0.0051406,0.0081088,0.0143131,0.0110723,0.0126118,0.0028036,0.0115508,0.0213552,0.0056322,0.0030086,0.0187402,0.0172187,0.0162454,0.0110156,0.0030124,0.0088195,0.0012496,0.0242313,0.0257784,0.0075627,0.006438,0.0138088,0.0209041,0.0209722,0.0277561,0.0171114,0.0129847,0.0345644,0.0164424,0.0108115,0.0167984,0.020128,0.0129861,0.015712,1.01487,0.0064893,0.004321,0.0193747,0.0150536,0.0134874
0,0,0,0,0,0,0,0,0,0,0,0,0,0,0,0,0,0,0,0,0,0,0,0,0,0,0,0,0,0,0,0,0,0,0,0,0,0,0,0,0,0,0,0,0,0,0,0,0,0,0,0,0,0,0,0,0,0,0,0,0,0,0,0,0,0,1,0,0,0,0
0.0061561,0.0020766,0.0057976,0.0034063,0.0045271,0.0039647,0.0049141,0.0062061,0.006139,0.0096955,0.0077026,0.0089429,0.0081078,0.008441,0.0094897,0.0075528,0.0077273,0.0085741,0.0073393,0.0076799,0.0065517,0.0085437,0.0092634,0.0087318,0.0082387,0.0085855,0.0048029,0.0024451,0.0041573,0.0044307,0.0040141,0.0844738,0.0071183,0.0533648,0.0064292,0.0026846,0.0020993,0.0053813,0.0028408,0.0069473,0.0048468,0.0140776,0.0125698,0.0089401,0.0638924,0.0041825,0.0380127,0.0009579,0.0053876,0.0048919,0.0032426,0.0041093,0.0048755,0.0075487,0.0049602,0.004878,0.0051207,0.0025867,0.0038065,0.0037854,0.0028118,0.0047156,0.0042842,0.0068662,0.0051234,0.0038999,0.0230153,1.0108,0.0136475,0.002354,0.00374
0.0033248,0.0009602,0.000801,0.0022418,0.0009223,0.0017527,0.0024419,0.0034046,0.0034298,0.0044568,0.0032277,0.0044442,0.0009817,0.0042781,0.0031774,0.0020866,0.0031744,0.0025497,0.0036342,0.0033343,0.0033702,0.0036788,0.0040728,0.0015766,0.0025271,0.0029157,0.0070833,0.0052037,0.0041746,0.0051865,0.006808,0.0040192,0.0024751,0.0226758,0.028634,0.0034312,0.0015599,0.0332941,0.0070528,0.0028172,0.0018492,0.0020034,0.0065826,0.0092744,0.0224031,0.0009454,0.0135017,0.0003713,0.0043116,0.003605,0.0026632,0.0011891,0.0038752,0.0028263,0.0034771,0.0038091,0.0042609,0.0025349,0.0046201,0.0032106,0.0031654,0.0034452,0.0030305,0.0095677,0.0065092,0.0034852,0.0014225,0.0013895,1.00244,0.0026495,0.0026245
0.005015,0.0056855,0.0015291,0.0016205,0.0008061,0.0011149,0.0028305,0.0090642,0.0028472,0.0422212,0.0100416,0.0057813,0.0014762,0.0075575,0.0052319,0.0036937,0.0048049,0.0045008,0.0038543,0.0032697,0.0029679,0.0113237,0.0029151,0.0015402,0.0022433,0.0032752,0.0013598,0.0022796,0.0041874,0.001212,0.0048313,0.0007726,0.0021705,0.0132807,0.0032808,0.0056114,0.0010135,0.0061207,0.002142,0.0007286,0.0008956,0.002315,0.0023003,0.0008785,0.0016344,0.0004388,0.0011693,0.0002839,0.0045665,0.0017855,0.0009497,0.0007884,0.0016669,0.0017784,0.0020782,0.0205369,0.0053303,0.0016389,0.0029825,0.0022851,0.001852,0.006408,0.0030439,0.0023238,0.0023621,0.0113956,0.0018376,0.0012848,0.0027911,1.00524,0.0039063
0.0074793,0.0016021,0.0021543,0.0053622,0.001376,0.0043246,0.0040959,0.0083841,0.0107478,0.0112296,0.0081546,0.0059702,0.0020799,0.0057172,0.0065545,0.0046096,0.0072656,0.0054119,0.0083492,0.0102043,0.0080402,0.0132318,0.0073869,0.0039709,0.0094017,0.0092919,0.0053396,0.0066772,0.0098096,0.0074561,0.0089085,0.0083326,0.0048209,0.0197231,0.0109772,0.0058388,0.0016063,0.014548,0.0129714,0.0025801,0.0021601,0.0050062,0.0074603,0.0031281,0.0057309,0.0014842,0.0041917,0.0011171,0.0251765,0.0067246,0.0056602,0.0029164,0.0069926,0.0067032,0.0068699,0.0075538,0.0158874,0.0062127,0.0081368,0.0114111,0.0149775,0.011541,0.010104,0.0094363,0.0082382,0.0078075,0.0039517,0.0030491,0.0094037,0.009071,1.00917