ticker,pricetorevenue,marketcap
A,3.479481008,14284512132
AAL,0.563737597,22810216321
AAN,0.56655814,1822029250
AAOI,1.347858527,286998459.8
AAON,3.907188372,1463444293
AAPL,2.581474419,5.77633E+11
AAT,8.204965504,2561673102
AAWW,0.578472093,1038494791
ABAX,4.941363953,1091192202
ABBV,4.098115504,99067185543
ABC,0.131462403,18807105326
ABCB,3.884344574,1131410107
ABCO,1.929775581,1527950604
ABMD,13.62445388,4711912275
ABT,2.934553101,60205615976
ACC,7.768787984,5965554375
ACET,1.152245736,645069033.8
ACGL,2.286603876,9279083376
ACHC,1.912442248,4177786698
ACHN,18.2781907,999333534.1
ACIW,2.233433333,2261210677
ACLS,0.843275581,234365491.6
ACM,0.27299031,4857355690
ACN,2.209577519,75353124685
ACOR,2.342097287,1187469556
ACRE,8.161060078,343576700
ACXM,2.089051938,1793369703
ADBE,9.327715891,49123584457
ADC,11.8214124,920753241
ADI,5.520734496,18830948603
ADP,3.524600388,40770832783
ADS,1.927303101,12881358147
ADTN,1.563792248,944173232.3
ADUS,0.726202703,261198835.8
AE,0.10827027,156828242.2
AEE,1.975454651,11900176190
AEGN,0.54950969,707426295.9
AEIS,3.790184109,1595250907
AEL,0.855986047,1422269961
AEO,0.858626357,3063383419
AEP,1.951844574,31480898051
AEPI,0.40371938,445653006.8
AET,0.655337209,40226067814
AF,3.958871705,1538792389
AFG,1.044061628,6507589903
AFH,1.312754826,220318439.9
AFL,1.441633333,28402439452
AFSI,1.00620155,4913673028
AGCO,0.571984496,4191752395
AGII,0.846251938,1250464176
AGM,2.965079845,416423239.7
AGN,7.016329845,93626244457
AGNC,18.68693906,6312332752
AGO,1.589295736,3798348434
AGTC,6.890906977,241258689.2
AHL,1.020691085,2938907118
AHP,1.141204651,390951859.5
AHT,0.32097093,589275659.6
AI,7.895230769,315756684.5
AIG,1.264897674,67546526449
AIMC,1.013208915,735181793.2
AIN,1.78644031,1290972965
AIQ,0.15875155,77608969.88
AIRM,1.201986434,1341341652
AIV,,6569077995
AIZ,0.583106977,5395897624
AJG,1.494925969,8199399031
AKAM,4.336950775,9779274612
AKR,14.19827558,2521806919
AKRX,3.204284884,3363287587
AL,2.533750388,3307968779
ALB,3.2098,8335509616
ALE,1.969244574,2876513066
ALEX,5.447716279,1860651434
ALG,0.937159302,712679650.9
ALGN,7.13147093,6620537463
ALGT,1.958389535,2536588662
ALJ,0.132875581,649865916.7
ALK,1.585927907,9036480660
ALL,0.731162791,25919162853
ALLE,2.978824031,6386522705
ALOG,1.978555039,1030708749
ALR,1.536460078,3725788201
ALSN,2.476275969,4746685136
ALX,9.481508108,2039448620
ALXN,10.94413643,30194811709
AMAG,2.082444961,937643109.7
AMAT,2.795304264,27704407791
AMBA,5.984152326,1777859012
AMCX,1.648252713,4360201595
AME,2.877906977,11275369959
AMED,1.129497674,1523837758
AMG,3.165072868,8406679496
AMGN,5.32717093,1.18371E+11
AMKR,0.553510078,1776002122
AMNB,3.713932432,233579799.3
AMP,1.406168605,16657634659
AMSF,2.739068217,1090786479
AMSWA,2.617883333,293764936
AMT,8.793919767,45240287398
AMTD,7.149026357,17372676473
AMZN,2.858280233,3.36745E+11
ANAT,0.992877907,3076268011
ANCX,3.320032558,230705295.5
ANF,0.422984884,1475275900
ANH,3.746910853,479442967
ANIK,6.931582558,696779810.3
ANIP,6.712659302,596258372.4
ANSS,8.457837984,8088900629
ANTM,0.432043023,35066057857
AON,,28829631151
AOSL,1.086587209,365674778.8
AP,0.578347287,150142058
APAM,1.811803101,1352902826
APH,3.210689922,18677792353
APOG,1.282754264,1283300228
ARCB,0.202398062,539245501.9
ARE,8.202594574,7277467372
ARI,7.846192248,1100141033
ARII,1.035284109,820098930.8
AROW,4.338882558,418433851.7
ARRS,0.850841473,4676876701
ARRY,5.26130155,630181506.2
ARTNA,3.45496938,268098366.1
ARW,0.244872868,5821740773
ASGN,0.887262791,2000392885
ASTE,1.223667181,1224677173
ATHN,5.05108876,4977327603
ATLO,5.183843846,247370624.4
ATNI,3.67437907,1177173060
ATO,4.013102713,7539846061
ATR,2.112973643,4913145901
ATRI,5.495860769,787974398.1
ATRO,1.597051163,1076961742
ATSG,1.30756124,876029330
ATVI,5.456146512,28388007384
ATW,0.508332558,606606568.4
AVA,1.767762403,2563724869
AVAV,2.41994031,622842012.3
AVB,12.4530155,24123086151
AVGO,6.200624419,58448408915
AVHI,0.510172093,328746439.1
AVID,0.494118217,262299157.2
AVT,0.432289922,5566157795
AWI,3.883546512,2304426527
AWK,4.018176357,12960707946
AWR,3.126856977,1532423355
AXE,0.287716279,1987891698
AXL,0.310356202,1217805531
AXS,1.28513876,5269009005
AYR,2.045791473,1628566644
AZPN,7.25652093,3416870773
BA,0.907027132,87129744248
BABY,3.303020543,1240248009
BAC,2.070729457,1.71252E+11
BAH,0.829424031,4515754400
BANC,3.036399612,810074511.6
BANF,3.903635659,1180794964
BANR,3.646556589,1396513288
BAX,2.412258915,24179209884
BBGI,0.971986538,106463586.2
BBRG,0.234012403,98684827.13
BBSI,0.391048263,305496430.5
BBT,2.931982558,29650457150
BBW,0.547601163,205659844.1
BCEI,0.1708,3.4586E+11
BCO,0.560406589,1684406531
BCR,4.470337984,15710055477
BDC,1.161082171,2693388482
BDGE,4.031865116,501148266.1
BDN,5.592225969,2630464158
BDX,2.880818217,34801298759
BEAT,2.549378682,485281307
BEAV,1.788561628,4996327405
BELFB,0.458466279,245446224.8
BEN,3.000530233,21210612124
BERY,0.832376744,4904711333
BFAM,2.690137984,4048605738
BFIN,4.56628876,243099034.2
BFS,5.89560814,1259767820
BH,0.613844961,528674211.8
BHB,5.889631008,329085191.1
BHE,0.483160078,1169459451
BHLB,3.019455814,855451238.3
BID,2.121278295,1885575542
BIIB,5.609374031,62232748535
BIO,2.164943411,4405581308
BJRI,1.090696512,1028115937
BK,2.899102713,43708018102
BKE,1.176293023,1279313557
BKH,2.285121318,2997780002
BKMU,3.802473643,357430964.9
BKU,3.780139535,3406706472
BLDR,0.242722481,1210722769
BLK,5.203939535,58551330190
BLKB,4.432210853,2983447555
BLL,2.470849612,19774228697
BLMN,0.489245349,2119168166
BMI,4.290694961,1680652627
BMRC,4.043776448,318791143.3
BMTC,3.280501163,515069827.9
BMY,6.09660155,1.05608E+11
BNCL,7.343087209,1048225917
BNCN,4.498374031,1004949480
BOBE,4.975185915,878160819.2
BOFI,4.042771318,1265143760
BOH,5.123039922,3046370232
BOKF,3.025143798,4191217217
BPFH,2.932183721,1019030886
BPOP,1.30626124,3399079497
BR,2.588931783,7601969733
BREW,1.154148062,236247601.4
BRKL,3.831892248,842334590.5
BRKR,2.435071705,3964857000
BRKS,1.480826744,817582954.2
BRO,0.712071318,1209702662
BSET,0.680896512,298061698.1
BSFT,3.937996899,1201372117
BSRR,3.175594961,252043704.4
BSTC,12.03503861,293991672.2
BSX,3.693673256,28948251027
BTX,40.5183345,281489755.5
BUSE,3.865847287,742305989.2
BWA,0.892925969,7554218695
BWINB,1.283840154,374606396.1
BWLD,1.489282171,2837984784
BXC,0.021728571,41545891.43
BXP,7.782666667,19650140572
BYD,0.990889535,2169434263
BZH,0.173252713,310201428.1
C,1.856071318,1.36101E+11
CA,3.259383333,13176870310
CAC,4.649871318,606807771.2
CACB,3.807299612,414424626.5
CACC,4.477991473,3923900274
CACI,0.688899225,2512238993
CACQ,,1318001776
CAH,0.217292636,25846143450
CAKE,1.200652713,2584474604
CALL,1.076856202,107060667.2
CAMP,1.904343411,571811283.9
CASH,3.06114031,489678304.3
CASS,5.109084109,624476474.5
CAT,1.089249225,46502570202
CATM,1.554872868,1893076678
CATO,0.943456202,948912027.5
CATY,5.674831395,2438518970
CB,2.303006202,52975599391
CBB,0.279807364,330817267.4
CBF,4.930195736,1399977627
CBK,0.18202471,70729143.34
CBL,3.963434496,3414918837
CBM,3.322984109,1511175248
CBRL,1.245577132,3603471543
CBS,1.981315504,24903775000
CBSH,4.489737984,5027520338
CBU,4.791596124,1906689465
CBZ,0.754966795,580105204.1
CCBG,1.997755426,262266820.9
CCE,1.417227132,9820314147
CCI,8.086406202,30244424200
CCK,0.834932171,7156636291
CCMP,2.803209302,1152112084
CCNE,2.948140927,278884161
CCOI,4.016799612,1690184466
CCRN,0.577136047,452714611.9
CDNS,4.080351938,7147936304
CDR,3.894344574,581689253
CEB,2.063839147,1928342781
CECE,0.755406977,303968372.7
CELG,8.64704186,86172040322
CERN,4.274286047,19608306415
CEVA,71.62867027,4706524105
CFFI,1.417831008,144564742.8
CFFN,8.592792636,1840764113
CFG,2.583164729,12806553696
CFNB,6.016325483,148843111.5
CFNL,4.53824845,803705800.4
CFR,3.761667442,4095744077
CFX,1.087667442,3596011497
CGNX,5.201208915,2369716796
CHCO,4.250044186,744345300.3
CHDN,2.817324806,2384725457
CHE,1.509029845,2353652690
CHEF,0.353685271,390129998.6
CHFC,4.34049845,1668032549
CHFN,3.665569767,202139698.2
CHH,3.053388372,2732407220
CHMG,1.925241313,139162395.2
CHRW,0.775814729,10210465517
CHS,0.621456977,1611809627
CHSP,2.473074419,1427675957
CHTR,2.835372868,41586925037
CHUY,1.75855155,535627502.2
CI,0.879918992,33908628567
CIA,1.712703475,405608903.5
CIEN,1.151622481,2923948320
CIM,7.63805969,2872225466
CINF,2.197544574,11456452876
CIT,3.667255426,6883843220
CL,4.009613178,62742779868
CLC,2.100246512,2977594747
CLCT,2.613231783,158170675.5
CLD,0.224743411,203704703.5
CLDT,3.038763566,788424815.8
CLFD,3.438786434,236294528.7
CLGX,1.989212403,3349777052
CLI,5.0774,2532720365
CLMS,0.617032171,133539492.1
CLNY,2.280399225,2110748569
CLUB,0.155506154,63765117.57
CLW,0.572326357,1000788801
CLX,2.899765891,16660952076
CMC,0.45329186,1968176286
CMCO,0.584075581,353240841.7
CMCSA,4.038889147,3.07703E+11
CMG,3.085298062,12875145809
CMLS,0.014332692,16575562.45
CMO,8.123300775,929115926.6
CMS,-3.111212403,-15164087527
CMTL,0.831111628,282846754.4
CNA,1.018177132,9075436384
CNBKA,4.629278077,407383538.5
CNC,0.329266667,9251556158
CNMD,1.582746512,1158521100
CNO,0.860426744,3197017802
CNOB,4.08451124,542757410.9
CNP,1.329963178,9469380797
CNS,5.282711628,1732324508
CNSL,1.589746512,1214967159
COBZ,3.584327132,516576443.5
COF,1.521986047,36966515260
COHR,2.941917054,2406083439
COHU,1.147327519,312714185.2
COKE,0.562510811,1449334941
COL,2.21467907,11516511403
COLB,4.38080814,1825873695
CONE,8.110681783,3325894748
COO,4.284468217,8013067109
COR,6.48970969,2280259286
CORE,0.235646899,2792400783
CORR,4.037536434,341120624.3
CORT,10.35791008,642509477
COTY,2.02602907,8739842736
COWN,0.250030233,117694079.3
CPF,4.044144186,758115329.6
CPK,2.116787597,953104529.1
CPN,0.752851163,4821717678
CPS,0.467591473,1594868225
CPSI,2.324592248,483653788.8
CPT,7.519764341,7357557282
CRAI,0.701200388,217932784.6
CRAY,1.754781783,1195484229
CREE,1.666789535,2630884632
CRL,2.54615155,3706327285
CRM,7.126076744,50844865381
CRS,0.883462403,1643205190
CRUS,2.23398876,2835212608
CRVL,1.609664341,810512188.4
CRY,2.707453101,441556842.5
CSBK,12.26075444,355467360.3
CSFL,3.855972973,811862658.3
CSGP,8.366748837,6340238342
CSGS,1.812063178,1372523081
CSRA,0.947184496,4203498091
CSS,0.778684496,244735223.3
CSX,2.406051938,26948687849
CTB,0.661246512,1949912955
CTBI,3.572409653,641796499.2
CTG,0.223561004,78687999.32
CTL,0.853742636,15206767389
CTRE,7.758590698,680657950.2
CTS,1.554635659,595242919.9
CTSH,2.728027132,34995017713
CTWS,5.590163178,543489370.7
CTXS,5.230322481,12848359517
CUB,0.786231008,1145364918
CUBE,12.2512562,5132982478
CUBI,3.074806977,766512213.2
CUDA,2.991719767,986074662.9
CUNB,1.958120155,202743203.6
CUTR,1.594118605,162441789.3
CUZ,17.87932791,2033260953
CVBF,5.795053488,1679396496
CVCO,1.176500775,841190419.2
CVG,0.949272868,2775446508
CVGI,0.161519767,120661026
CVI,0.363292636,1787305705
CVLT,3.466489922,2098594239
CVS,0.627073256,1.01843E+11
CVX,1.513851163,1.87088E+11
CWCO,3.15482,179902113.5
CWT,2.418786434,1433902440
CXO,9.528315504,15230670308
CXW,1.712673643,3105153345
CYH,0.065714341,1475259232
CYNO,2.883309266,1081387419
CYS,33.57583953,1224982302
CYTK,9.58561124,371198057.8
CZNC,4.38872278,256102449.9
CZR,0.293916667,1064769399
D,4.68066124,44581615539
DAL,0.82180814,33132827984
DAN,0.352005426,2069120314
DBD,0.702689535,1706105376
DCI,2.08911938,4674676733
DCO,0.358845349,217076742.9
DCOM,3.41515155,641250820
DCT,10.63496318,3898004102
DDR,21.31376395,21822168971
DE,0.974254651,26715567031
DECK,1.005353876,1855268383
DEI,9.400004264,4980583830
DEL,3.86871938,782178684.5
DENN,1.70300155,845659446.4
DFRG,1.064334496,362488210.7
DFS,2.627747287,23212090581
DGAS,2.654594186,176190160
DGI,2.05704845,1457518054
DGICA,0.645152326,422466815.7
DGX,1.493277132,11204122171
DHI,0.969800388,11143296213
DHIL,4.92426124,628939721.2
DHR,4.425945349,60473765934
DIN,2.303589575,1531409141
DIOD,1.126014341,993139952.4
DIS,2.90899186,1.60466E+11
DISCA,2.598093798,16725626744
DISCK,2.598093798,16725626744
DISH,1.589434884,24368655440
DJCO,6.845060078,293900579.8
DK,0.232010078,1010550029
DLB,4.609636434,4627182411
DLR,7.644714729,13554075590
DO,1.326133721,2790366870
DOC,13.63201705,2226863781
DORM,2.43875,2013348097
DRE,13.67860581,8607052944
DRH,2.049773256,1911867576
DRI,1.198166667,8345179043
DRQ,2.935476357,2159568110
DSPG,1.720133721,234669239
DST,4.709343411,5956216939
DSW,0.75214186,1994240520
DTE,1.629955426,16452742132
DTLK,0.255694186,194659138.6
DUK,2.51150155,54432354535
DX,10.69845181,337019216.3
DXPE,0.293775194,323093790
DY,1.005745736,2530049713
DYN,0.391135271,1641548527
EA,5.22158876,23115143333
EAT,0.883889147,2818869019
EBAY,3.609373643,31568594806
EBF,1.352562791,463971360
EBIO,26.15232868,39968024.62
EBIX,5.801368605,1613280108
EBS,3.118888372,1555996745
EBSB,6.53823876,794476924.5
EBTC,2.857130888,276116561.7
ECHO,0.408193411,670163337.8
ECOL,1.763201163,930754200.5
ECPG,0.560414341,624784754.2
ED,1.815015116,22131100899
EDE,1.217040698,1458553027
EDR,9.970782558,2684825283
EE,2.111611969,1800775315
EEFT,2.214448062,4078216316
EFSC,4.017343411,604082263.9
EGBN,6.203972481,1681079062
EGOV,4.577504264,1386748930
EGP,8.717288372,2106472464
EHTH,1.020139535,200395011
EIG,1.253449612,962212767.3
EIGI,1.402521318,1189251269
EIX,,23259228295
EL,2.978267829,33318876888
ELLI,9.556055426,2763506580
ELS,8.027814729,6735326420
ELY,1.120471705,949578765.2
EMCI,0.884981395,553204526.9
EME,0.464719767,3280755086
EMN,1.103937984,10291824089
ENH,1.973559585,4584147740
ENS,1.190291085,2788744685
ENSG,0.745417054,1089845061
ENTA,5.25743062,506278897.1
ENTG,1.914077907,2113283473
ENV,2.818635271,1360790649
ENZ,2.551162791,259533371
EPAM,3.617306589,3637024269
EPM,6.2671,197461254.1
EPR,12.14709341,4407124464
EQIX,7.575620155,23227673250
EQR,11.98538256,25950485578
EQT,5.508262791,11041251493
EQY,13.57129845,4094195787
ERA,0.709728682,193557717.3
ERIE,0.018909302,29630313.95
ERII,10.72452946,560403576.5
ES,2.315116667,17602787578
ESCA,1.036286538,169671410
ESE,1.949537597,1096944220
ESGR,3.492835521,3211052827
ESL,1.047928682,2092657481
ESNT,5.554127519,2181153453
ESRT,8.610647287,5122110987
ESRX,0.468210853,47569062118
ESS,14.04200388,14515300972
ESSA,2.680024031,144406351
ESV,0.696971318,2477800868
ETFC,5.015437984,7600664600
ETH,1.696170155,901157998.1
ETM,1.161144015,513267202
ETR,0.593631783,13488637488
EV,3.00352093,4071715025
EVC,2.571503488,654637423.8
EVER,2.380995349,2072624660
EVHC,3.664315891,38945433107
EVR,1.770060853,2303738507
EVTC,3.034037066,1150952217
EW,8.062152713,21597115698
EWBC,4.630265891,5382744096
EXAC,1.367572201,339982790.9
EXAR,2.597593023,375464186.6
EXC,0.685184884,30917820659
EXLS,2.564167054,1681493113
EXP,3.25453876,3729840370
EXPD,1.450891473,9104244465
EXPO,4.575322868,349293009.7
EXR,14.40972713,10992722882
F,0.328084884,50189291318
FAF,0.798174419,4227304212
FARO,1.70836139,548740270.6
FBC,1.830256202,1409319974
FBIZ,2.514436434,196898328.5
FBNC,2.931132558,413983131.2
FBNK,3.117458915,258127989.3
FBP,1.566408527,900863156.2
FC,1.259513178,255339929.9
FCBC,3.462793411,396687372.5
FCF,3.44107907,870954161.2
FCN,0.902058527,1633064387
FCNCA,2.364517054,3273314884
FDEF,3.497508915,378877629.6
FDML,0.190868217,1421750118
FDX,0.864312791,44038995969
FE,0.951603101,14199292519
FELE,1.734549612,1602643097
FFBC,3.841889922,1271956308
FFG,2.210885271,1588578947
FFIC,3.404718992,645175073.1
FFIN,7.337075969,2229577728
FFKT,2.792790734,221416704.9
FFNW,5.472461776,181069796
FGL,1.368074419,1411102296
FHN,2.861436047,3470743594
FIBK,3.417341085,1352856363
FICO,4.175459302,3614791315
FII,2.870132946,2891225533
FINL,0.489308915,875092351.9
FIS,2.987541085,22823472674
FISI,3.071486434,401058037.7
FISV,1.08168876,5782353281
FITB,2.262762791,15055809207
FIX,0.714762016,1145991622
FIZZ,3.159397287,2263857982
FL,1.173572093,8807421302
FLIC,7.497655426,667810267.3
FLIR,2.082562403,3322880448
FLS,1.356343023,5956241778
FLT,8.238415504,14148205590
FMBI,3.209953876,1507731387
FN,1.367402326,1319158695
FNB,3.596069767,2571864810
FNF,13.80073488,66359500787
FNGN,5.070326357,1759919512
FNHC,1.078079845,281259897.3
FNLC,4.353319615,235824290.5
FNSR,1.794907752,2316703574
FOE,0.966776744,1068524622
FORM,1.920422093,561073975
FOSL,0.510200775,1607485228
FOX,1.920378295,52042038818
FOXA,1.920378295,52042038818
FOXF,1.882285659,716349698.6
FPRX,3.28235969,1198574412
FR,7.762116279,2875394572
FRBK,3.265937452,180297883.4
FRGI,1.092396512,767636124
FRME,3.900296124,1068299864
FRP,0.484206464,409576990.2
FRSH,1.056947674,130201755.9
FRT,13.98437403,10715638039
FSLR,1.171900388,5047290668
FSP,4.731144961,1154560974
FSS,1.148865891,844250635.7
FTI,1.187380233,6532294283
FTNT,4.964658915,5525795290
FUL,1.079081783,2244371555
FULT,3.330284496,2301081289
FWRD,1.394703101,1355893962
G,2.177068217,5431795811
GABC,7.08605,788313066.3
GAIA,9.8684125,155903503.6
GBCI,5.235593023,2106711318
GBLI,1.131768726,586258137.2
GBNK,3.926021318,379461324.1
GBX,0.364203101,1010333756
GCAP,0.729407722,318345953.6
GCI,0.544426744,1560915896
GCO,0.452218605,1351951844
GEF,0.4528,1534415795
GEO,1.78995814,3343199434
GERN,22.80555504,425484492.9
GFF,0.521379151,763295351.7
GGG,2.63663876,3398123480
GGP,11.70917984,26036968037
GHL,2.540737984,706749576.3
GILD,3.641600775,1.17961E+11
GIMO,5.542538372,1443875466
GLRE,3.578207364,769903750.1
GLT,0.546139535,899880863.5
GLW,2.702843411,24377106376
GM,0.365597287,49922411512
GME,0.318088372,2939497128
GMED,4.131839147,2281142703
GNE,0.794274517,162734242.1
GNRC,1.801629457,2416947865
GNTX,2.973834109,4776182315
GPC,0.94442093,14403027514
GPN,3.191890698,9195375464
GPS,0.628085271,9828481705
GRC,1.768706202,706584670.5
GRMN,2.92475969,8438777207
GRPN,0.828755426,2403317700
GRUB,6.510717054,2673402345
GS,2.482404264,74949033477
GSAT,16.57613023,1530711430
GSBC,3.103943798,577589310.1
GSIT,1.864858527,97395313.68
GT,0.501987209,8006363314
GTLS,0.847400388,814321617.9
GTN,1.216334496,802716788.4
GTS,0.192927132,579690972.1
GTT,1.615616667,726571844.3
GWR,1.806351163,3670838837
GWRE,10.08621163,4156189275
GXP,1.747112016,4483584492
H,1.510384884,6633050647
HA,1.043402326,2451277427
HAE,1.903347674,1719220796
HAFC,4.077755039,790123302.4
HALL,0.549964615,200895554.6
HAR,0.892577519,6079498683
HAS,2.187199225,10142623614
HASI,31.61094961,757791697.6
HBAN,2.781964729,8582962854
HBCP,2.802081467,193175688
HBHC,2.592639535,2281190774
HCA,0.689089147,30484968164
HCI,1.241363953,326754771.3
HCKT,1.823726641,498736812
HCOM,0.652003876,257919802.2
HCP,8.893789922,16022061363
HD,1.800502713,1.62935E+11
HDNG,0.45453166,138726384.6
HE,1.520834884,3345840967
HEI,2.004773643,2612145011
HELE,1.866544574,2638601939
HEOP,3.823898062,282697665.7
HF,2.085493023,1082644768
HFC,0.445470155,5276645428
HFWA,3.42931938,554353771.5
HHC,6.740291473,5771845302
HIG,1.112536047,17310573078
HIIQ,0.374881783,50837799.01
HIL,0.391912355,202967831.2
HIW,8.823159302,4848633814
HLF,0.270542248,1218710483
HMN,1.323543411,1431664076
HMST,1.1843,555993958.4
HMSY,3.03048062,1472126724
HMTV,4.048518992,535960608.6
HNI,0.886947287,2004466975
HNR,,16989866.57
HOG,1.515111628,9184838549
HOLX,3.74229186,10462465138
HOMB,9.477364341,4244754813
HON,2.206735659,86010162764
HOV,0.078706202,192427000.3
HP,3.445219767,6727107195
HPT,2.302743798,4213836400
HR,8.414828295,3334554236
HRC,1.44120814,3500077070
HRL,2.480546899,22967535735
HRS,1.960031395,10826299484
HRTG,1.069434109,439194402.5
HSIC,1.34220814,14730763263
HSII,0.693621318,394243196.9
HST,2.238394961,12217908438
HT,1.989513566,861882120.6
HTA,9.758099612,4094087245
HTBI,3.564419691,340542746.5
HTBK,3.653849807,345578473.2
HTH,1.311238372,2115965886
HTLD,2.274103488,1571116647
HTLF,2.22409186,829397587.6
HUBG,0.385697287,1345398088
HUM,0.490303101,26716746580
HURC,0.858841313,193964394.9
HURN,1.569401163,1240375015
HVT,0.276056757,224046251
HW,1.433515504,1357297219
HWCC,0.346588031,98220095.57
HXL,2.203564341,4226488081
HY,0.382018605,974786346.4
HZNP,3.315481783,2859832875
IART,6.177216667,5789323667
IBCP,2.974535659,345203802.8
IBKC,2.917345736,2500981371
IBKR,1.69557093,2388254577
IBOC,3.729162934,1885179555
IBTX,3.891617829,726043525
ICFI,0.693998062,801408141.6
ICUI,5.488712016,1970733623
IDA,2.998165116,3781447994
IDCC,4.991543023,2224398684
IDT,0.231603876,351938844.1
IDTI,4.323006202,3056666141
IDXX,5.15684845,8626056023
IEX,3.190036047,6528451279
IHC,0.692944574,296465430.3
III,0.665930502,141426307.5
IIVI,1.704320155,1382531762
ILMN,9.836313566,22482128302
IMMR,3.874246512,232971368.3
INCY,17.93573992,16051447812
INDB,4.475928682,1337650631
INFI,1.462885659,168119800
INFN,1.803956589,1690138640
INGN,5.971694186,1053198250
INN,2.176738372,1102101435
INSY,3.582068992,1123192510
INT,0.114332946,3154639283
INTC,2.872755039,1.62542E+11
INTU,6.073303101,27965736880
INVN,1.83574845,710297597.2
INWK,0.538901163,453679789.8
IP,0.904236434,18090509438
IPAR,1.953071318,943921839.6
IPCC,0.613894574,905044495.1
IPG,1.216668217,9367979872
IPGP,5.085603488,4691427636
IPHI,7.423671318,1498460201
IPXL,2.589824031,1994588277
IQNT,2.079771705,614826776.6
IR,1.264034109,16907493915
IRDM,2.269860853,960682130.8
IRET,5.400739922,796555821.7
IRM,2.570185659,8043617604
ISBC,5.709015504,3702911072
ISCA,2.418284496,1581576285
ISIL,4.244674031,2217491950
ISLE,0.748320155,719176400
ISRG,14.6312907,36769934312
ISRL,3.745523846,243180340.9
ISSC,2.058873462,49260783.94
IT,3.411529457,7773278062
ITG,1.000589147,599729193.4
ITIC,1.558882946,195737901.2
ITRI,0.917281395,1797819966
ITT,1.283823256,3202400543
IVR,26.58340415,1610776681
IVZ,2.559955426,12460425279
IXYS,1.144536047,362661527.4
JACK,1.882236434,2941415998
JAKK,0.294382558,214116466.8
JBHT,1.488679457,9411201792
JBL,0.22637619,4154680357
JBLU,1.003184496,6531118847
JCOM,4.239105426,3285732209
JJSF,2.170505039,2149622878
JKHY,4.995777132,6686410898
JLL,83.17470736,5108715857
JNJ,4.495585271,3.17803E+11
JNS,2.589429457,2571593403
JOE,13.39426473,1361439758
JONE,0.893313127,130179172.2
JOUT,0.645440927,284845589.3
JPM,2.603297287,2.44044E+11
JWN,0.613723256,8876418163
KBH,0.42302093,1384973864
KCG,0.924749612,1201701959
KELYA,0.131296899,723088651.2
KEY,2.600640698,11287633318
KFRC,0.391511628,518300660.5
KFY,1.049146124,1407335283
KIM,12.10621008,11733440231
KLAC,3.83004031,11252476224
KMI,3.081991473,42493371783
KMPR,0.721302317,1765392800
KNX,3.790500775,4354150134
KODK,0.323953876,571395600.8
KRA,0.595278682,785971610.7
KRC,10.08340814,6038290590
KRG,6.389993411,2240789768
KRNY,10.23049767,887025152.3
KS,0.528172481,1580129614
KSU,4.023725194,9540202858
KVHI,0.773193798,142912412.8
L,1.100502326,13885051463
LADR,2.844027907,743026524.6
LAMR,4.305291473,6082023789
LAZ,2.118301938,4795760609
LB,1.793529457,21966814302
LBAI,3.537741085,526285473.9
LBTYA,1.711118605,15578758279
LCI,1.864447287,940376959.6
LCNB,3.516420155,175969477.1
LDL,1.344112016,720468393.7
LDOS,0.702839394,3902455426
LDR,2.510556977,378122251.4
LE,0.439340698,613040518.4
LEA,0.464742248,8557660928
LEE,0.194038372,120964334.2
LFUS,3.039181395,2789466979
LFVN,0.740394595,149682779.3
LGIH,,630930101.2
LGND,28.09833915,2378553891
LH,1.383922093,12782083376
LHCG,0.814893023,699544370.2
LHO,2.409779845,2846266700
LII,1.799074806,6331236279
LION,1.921030233,448990879.3
LIOX,0.508953101,284519088.8
LKFN,7.727186434,1094432083
LLL,1.050216667,10930624155
LLTC,8.74035969,12568859213
LLY,3.980448062,81180655337
LM,1.083444186,3339687977
LMNX,3.529355039,872023960.9
LMOS,1.514805426,311420151
LNC,0.838459302,11028149660
LNCE,1.620881395,2918508564
LNDC,0.637127132,327459733.1
LNN,1.54004186,800684762.6
LNT,4.643534109,15048582329
LOCK,2.346706977,1466184981
LOGM,6.055613953,1831529786
LORL,,1129444769
LOW,1.106198062,66749797791
LPG,1.747730233,470225057.6
LPNT,0.434487209,2814009351
LQ,1.389855426,1419581188
LRCX,2.586805426,15247296218
LSTR,0.905837984,2909811958
LTC,12.40017907,1822206189
LUK,0.687144574,6713927603
LUV,1.32305814,26746316822
LVLT,,18752081166
LVS,3.550485659,40222915349
LXP,6.396192248,2220933865
MA,10.61617054,1.06551E+11
MAA,7.755877519,7239525295
MAC,11.74675736,11743539196
MAN,0.286729845,5582547733
MANH,7.288087597,4215340257
MANT,0.866999225,1371861839
MAR,1.217674419,18142291659
MASI,4.08222907,2684185552
MAT,1.89092093,10676475440
MBFI,3.3703861,2743369691
MBI,2.534013619,1117768169
MBRG,3.97177722,189859061.4
MBVT,3.61177093,230614832.9
MBWM,3.470743411,424591728.5
MC,1.061321318,610858124
MCBC,3.941334109,251622910.8
MCD,4.241697287,1.06949E+11
MCHP,4.972137597,11932644907
MCHX,0.978944186,138381279.1
MCK,0.20145155,38639004109
MCRI,1.876506202,389775039.5
MCY,0.936301163,2947037628
MDC,0.634761628,1276432008
MDP,1.366873643,2247134507
MDR,3.896781395,11304782935
MDRX,1.818555039,2576823068
MDSO,6.429016667,2671133363
MDT,3.987213566,1.13836E+11
MDXG,4.506249225,928130361.9
MEI,1.507425581,1219950103
MENT,2.329194574,2673912143
MET,0.82606124,49561320419
MFA,7.307049225,2685329151
MG,0.97949031,701030626.5
MGI,0.282641473,460902600.8
MGM,1.469227907,13365731721
MGRC,1.731846124,716607860.7
MHK,1.695460465,14351126030
MHLD,0.447368217,1166653834
MHO,0.406335271,621219815.9
MINI,2.632853488,1370765397
MITK,7.139194961,224520928.7
MITT,4.099446899,406066749.2
MKL,2.41080814,12876335110
MKSI,2.624246124,2345223402
MKTX,16.32858488,5358796405
MLAB,4.844283721,414657250.1
MLR,0.438715891,248320206
MMC,2.596087984,33505271589
MMI,1.393475194,989081704.2
MMM,3.413026357,1.02835E+11
MMS,1.553903101,3601292230
MMSI,1.668703876,937924572.3
MN,,111572822.4
MNK,2.29041938,7179448244
MNKD,0.344116923,84393860.64
MNR,8.61292907,823351094
MNST,27.80171008,78652335880
MO,4.885293411,1.25254E+11
MOD,0.365371705,493999934.1
MOFG,2.702046512,331509299.3
MOH,0.197820155,3088985698
MORN,4.400132171,3470991016
MOV,1.001786434,582680855.6
MPAA,1.567721318,577932573.2
MPC,0.325337984,21467111977
MPW,6.494193023,3172855325
MPWR,8.229512791,2903329660
MRK,4.033777132,1.59592E+11
MRLN,2.378302317,204885109.9
MRTN,1.332165504,888379789.4
MRVL,2.392890698,5721711274
MS,1.707136434,56947341977
MSA,1.705473256,1968969065
MSCC,2.797025581,4141454260
MSCI,7.052495349,7772923382
MSEX,3.404066667,580781603.6
MSFG,3.386196124,535123286.8
MSFT,5.081955039,4.40886E+11
MSI,2.284014341,13090572128
MSL,1.173386434,110272691.3
MSM,1.576145349,4507787101
MSTR,3.911231395,2038033545
MTB,3.684805426,18241024133
MTD,4.236243411,10273669822
MTG,3.502809302,3320721173
MTGE,21.32182984,733544204.6
MTH,0.532324806,1475635241
MTOR,0.257972868,855974500
MTSC,1.34131124,784845827.9
MTSI,4.396068992,2149517403
MTW,4.726962403,8713219415
MTZ,0.45642093,2024336261
MU,1.131068992,14850186609
MXIM,4.885894574,10784323793
MYCC,0.814947287,869901712.9
MYE,0.795663566,439390940.9
MYGN,2.811980233,2113598217
MYL,2.258083721,22190785891
MYRG,0.46242093,492683939.8
NANO,2.429520155,469610777.8
NATH,2.14196124,213561735.9
NATI,2.981029457,3659351091
NATR,0.665822868,219860040.9
NAVG,2.473397287,2743829280
NAVI,1.559139535,4457344380
NBHC,3.593365891,672088031.2
NBTB,3.523686047,1328911502
NCI,0.937741473,902732847
NCR,0.723924806,4616484973
NCS,0.652168992,1069729310
NDSN,2.858116279,4959128506
NE,0.659752713,2064468627
NEE,3.258922093,55229829535
NEOG,4.073694574,1312934876
NEWM,0.586849225,727681604.7
NFBK,6.916096512,712658944.9
NFLX,6.000847674,44663215663
NGHC,0.801307752,2293703584
NGS,3.440631783,300953096.5
NHC,1.068649225,978115097.2
NHI,11.61639109,2735516139
NI,3.314983333,7475358067
NICK,0.967788803,80574259.86
NIHD,0.2185,347460034.5
NILE,0.767568217,365408382.8
NJR,1.533015891,3032660063
NKE,2.944144961,95100004709
NKSH,5.122912791,244831046.3
NLS,1.664584109,608738621.4
NLSN,2.93731124,18273443891
NLY,53.78279326,9854265551
NMIH,5.48778876,398631993.6
NNBR,0.866627519,407434470.8
NNI,2.000735271,1688850047
NOC,1.648608915,38955784167
NP,1.314655039,1221176579
NPTN,1.405979457,515090299.6
NRCIA,2.442993436,256192723.2
NRIM,1.798550388,181056804
NRZ,6.33332093,3000668789
NSC,2.563760853,26138928384
NSIT,0.198953876,1067596214
NSM,0.885755814,1336959180
NSP,0.312603101,1659283481
NSR,1.240670543,1374071452
NTAP,1.488492248,8270263605
NTCT,2.390533721,2377077665
NTGR,1.211057752,1590727496
NTRI,1.558993023,779362082.8
NTRS,3.360916667,16111356122
NUE,0.99072093,15706555184
NUS,1.196039147,2658001148
NUTR,1.089309302,247135798.9
NUVA,3.506906977,3013750936
NVDA,6.064091085,33214002519
NVEC,10.25153953,278236271.7
NVR,1.27752093,6911828952
NWBI,4.086850388,1452662276
NWE,2.296725581,2806793122
NWHM,0.442250775,206980251.4
NWL,2.233475969,17555668729
NWLI,1.797354054,754087058.5
NWN,2.256277132,1570328603
NWS,0.839682946,6937974605
NWSA,0.839682946,6937974605
NXST,1.673875969,1629349346
NYCB,11.05440039,7204734971
NYLD,1.463580233,1501791054
NYMT,5.74575969,622547314.1
NYT,1.297434109,2035943435
O,14.63167713,15399487741
OB,1.092336047,1292047601
OCFC,3.849643023,412328152.4
OCLR,1.852125581,749630367.3
ODFL,1.925850388,5736537598
OFC,25.32821977,13149314020
OFG,1.201925194,456473889.9
OFIX,1.89384031,765517815.9
OGE,2.755834496,5973024907
OGS,2.263586822,3193682281
OHI,7.90719845,6484234986
OI,0.435262016,2802069614
OII,1.280443411,2916418657
OIS,1.772101938,1560271199
OKE,1.103505426,8703139038
OKSB,3.82596938,340364401.4
OLBK,3.661785659,206628432.7
OLP,5.675354264,384594721.6
OMC,1.284466667,19549513380
OMCL,2.085103876,1186006921
OMI,0.226036822,2223504878
ONB,2.741457752,1681341577
OPK,6.614514729,5348294777
OPY,0.241024806,208986276.2
ORA,3.451515891,2192999236
ORCL,4.496070543,1.67201E+11
ORI,1.031775581,5459437793
ORIT,4.800681008,693698980.3
OSIS,1.492918147,1280639855
OSK,0.585402326,3574670381
OSTK,0.266250775,385088005
OSUR,3.354481008,410870341
OTTR,1.567154651,1238498861
PACW,4.897456589,4838889819
PAHC,1.322303101,992796876.2
PAY,1.169056977,2375976844
PAYC,8.955776744,2425073997
PB,4.823095349,3635314072
PBCT,3.705970543,4813141231
PBF,0.199166667,2670483593
PBH,3.325639922,2701976701
PBI,0.989170155,3478033298
PBPB,0.894372481,346370479.6
PCAR,1.082715116,19659649058
PCBK,4.065479845,330846551.2
PCG,1.750573643,29644157868
PCH,2.475678682,1429381966
PCRX,6.705741085,1734284430
PCYG,14.69364845,208038285.4
PDCO,0.823495736,4349510877
PDFS,4.985928682,497470557.7
PDLI,0.922116667,509364203.7
PDM,5.222200775,2961002771
PEB,2.580463953,1967207981
PEBO,2.693833721,406558897.3
PEG,2.265394961,22061101085
PEGA,3.046210425,2200616004
PENN,0.447648837,1318845489
PETS,1.665819767,391592244.9
PFE,3.960502326,2.03273E+11
PFG,1.111220543,13338702349
PFIS,3.92235,291572471.7
PFS,4.34899186,1343527810
PFSI,0.812919767,1089784520
PGC,2.88750155,333558376.7
PGNX,20.06621744,398260530.9
PGR,0.885155039,19154949384
PGTI,1.310979845,536976053.7
PHIIK,0.379833333,281734653.5
PHM,1.004349225,6590127911
PJC,0.904772868,620132778.3
PKE,2.363598837,324955307.7
PKI,2.795480233,5746995171
PKY,5.268700388,1902715909
PLAB,1.522645736,787480709
PLCE,0.885595736,1541066375
PLD,10.85114457,25920303086
PLKI,4.73300155,1243227279
PLOW,1.459917054,585660878
PLPC,0.644967442,223278417
PLPM,3.538032558,192841130.9
PLT,1.761314729,1522543510
PLUS,0.825392248,1018546063
PLXS,0.571844186,1472472880
PM,2.020010078,1.48961E+11
PMC,0.385859302,791998139
PMT,4.406208527,1108532142
PNC,3.015556202,45692953721
PNFP,5.908457752,2215190556
PNK,0.499635271,1146194386
PNM,4.700223256,6590645863
PNRA,1.83704186,5007139668
PNW,2.361337597,8275753231
POL,0.986511628,2778336205
POR,1.903598062,3615781445
POWI,4.457303101,1602302881
POWL,0.649048062,394685151.5
PPBI,4.589556589,651264470.5
PPC,0.664579845,5827669827
PPG,1.957192248,27357650624
PPL,3.234613566,24279864750
PRA,3.688735659,2794488114
PRFT,1.383367442,679416935.9
PRGO,3.215265891,14884707988
PRGS,3.458258527,1355262395
PRI,1.834312791,2587234007
PRIM,0.563372093,1088381220
PRK,4.716917829,1452769590
PROV,2.228578682,156320443.6
PRU,0.610335659,35095682950
PRXL,1.421618992,3420225539
PSA,16.48369109,41524445184
PSB,7.377621318,2793212021
PSTB,3.601070155,396413028.5
PSX,0.472232558,43346621979
PTSI,0.37303062,157394599.9
PVTB,5.056930233,3416743625
PWOD,3.783520463,203381996.5
PWR,0.552945736,4117376010
PYPL,72.91424227,46691351957
PZN,356.6034,553743415.7
PZZA,1.555333721,2580699969
QADA,1.752581783,482568116.3
QCOM,3.700391085,85935755930
QLYS,6.586047287,1172890465
QRVO,2.590439922,6910371760
QSII,1.663167054,820117034.7
QTS,7.361218992,2479449118
RAD,0.4271,9611600954
RAI,5.990662016,70335150629
RAIL,0.258632171,186028084.5
RAS,1.322025581,267008804.9
RAVN,2.73874556,711606220.3
RBC,0.812555814,2731582934
RBCAA,3.563934884,669381782.9
RDC,0.948835659,1995778488
RDN,2.45223062,2984022000
RDNT,0.309987984,275777361.7
RE,1.448148837,8051521646
RECN,0.930257082,553035796.9
REG,755.3543,7253318954
REGN,10.22286163,45640962599
REIS,5.164555039,264020646.7
REV,0.885589147,1726383668
REXR,5.823177907,1228318770
RF,2.282871318,12452524186
RGA,0.614737597,6529356531
RGEN,10.2349907,943054475.4
RH,0.735278682,1568205821
RHI,1.023381395,5329875979
RHP,2.502800775,2657022585
RIG,0.647353101,3888076938
RJF,1.493554651,7919496829
RLGY,0.753382171,4338150930
RLI,3.605354264,2869017464
RLJ,2.463083333,2698788313
RM,1.01711124,228659590.7
RMAX,3.867427132,678369209.8
RMBS,4.782879845,1444393759
RMD,4.752289535,8615710347
RNR,3.135087209,4972204739
RNST,3.455983333,1375314081
ROG,1.731452326,1101798702
ROIC,9.760826744,2046570748
ROK,2.523275969,15136892810
ROLL,2.921588372,1734642138
ROP,4.913931783,17923110791
ROST,1.950993411,23753433440
RP,3.610735659,1824001912
RPAI,6.318673256,3771821495
RPM,1.36797093,6559106906
RPT,6.661514729,1448582258
RPXC,1.808940698,544918244.7
RRGB,0.593318992,753923347
RRTS,0.182206977,358710583.9
RS,0.586156589,5182207801
RSG,1.864477132,17180535511
RSO,4.75968876,360002834.3
RTEC,2.228056202,503346767.4
RTIX,0.719896899,201490334.5
RTN,1.67470814,39961406000
RTRX,5.730487984,659225760.7
RUTH,1.424437597,539241055.5
RWT,5.919460465,1214085215
RYN,4.839962403,3091726300
SAFM,0.713723256,1956939229
SAFT,1.161798837,934871546
SAIA,0.625587984,758203123.5
SAIC,0.603510465,2684382202
SALM,0.580461628,156261734.2
SAM,2.374709302,2227202272
SAMG,1.2526,96574080.9
SANM,0.320225194,2044969843
SASR,3.766021318,726986221.6
SATS,3.339264341,3943136156
SAVE,1.467897287,3234252387
SBAC,8.045198062,13097133813
SBCF,3.932535659,607363115.6
SBGI,1.223016667,2886075840
SBRA,5.462728682,1408684996
SBSI,4.526263953,803068625.3
SCAI,1.62878876,1831221209
SCG,2.384593023,9976723283
SCHL,0.789918533,1337390471
SCHW,5.879195736,39934915736
SCLN,3.52283062,562092579
SCMP,3.016743798,540602895
SCS,0.570286047,1737433314
SCSC,0.279844186,989574000.4
SCVL,0.483886822,479674593.7
SEB,0.697903876,3787266326
SEIC,5.608239147,7596634224
SEMG,0.993960078,1379135631
SENEA,0.230766667,298274010.7
SF,1.167728682,2828784063
SFBS,13.8192376,2587039376
SFLY,1.497201938,1633502076
SFNC,2.343839535,899165757.2
SGA,2.183411628,243854776.9
SGY,,16212976353
SHEN,3.627024419,1393232223
SHLM,0.322877907,804522600.4
SHO,1.993468217,2767553609
SHOR,1.369434109,491446734.3
SIG,2.121194186,7561300477
SIGI,1.001980233,2171229881
SIGM,1.975436047,256435471.2
SIR,5.771396124,2137820865
SIRI,6.243778682,20656674846
SIVB,3.806791085,5784614495
SJI,2.319781395,2153435324
SJM,2.08209845,15758159167
SJW,1.999883333,830348987.9
SKT,17.73152287,91073298.45
SKYW,0.424588372,1319116969
SLAB,3.352080233,2197441382
SLB,3.328593023,1.02895E+11
SLG,5.99221938,10835580836
SLGN,1.459234496,5407127749
SLM,3.359501163,3108035854
SMCI,0.607384884,1352930411
SMP,0.949012791,950118854.6
SMRT,0.236601163,322721808.7
SMTC,3.149885271,1577429770
SN,0.927650388,399574558.6
SNBC,5.35689031,416162804.6
SNCR,3.531234884,1605633204
SNH,5.096367829,4479206677
SNI,2.571370155,8294527070
SNPS,3.486664729,8147108716
SNV,3.621299612,4051595144
SNX,0.287424419,3883776962
SO,2.672257364,47095285581
SONC,2.294533333,1406145974
SPA,0.480497287,203809803.3
SPAR,0.398950388,227754438.3
SPG,14.01726938,62345299473
SPR,0.925484109,6196842895
SPSC,5.877427132,1013018339
SPTN,0.140168992,1072363368
SPWR,1.866707364,2089671363
SRCE,3.484856202,885333954.9
SRDX,4.560629845,312451135.3
SRE,2.576772093,25996419687
SRI,0.661431783,436370675.7
SSI,0.11439031,179279381.3
SSNC,7.985282558,9109767124
SSP,1.86319186,1381203725
SSTK,3.625944961,1656441116
STAG,6.373412791,1480819998
STAR,3.709872093,1039983671
STBA,3.871359302,965691035.4
STBZ,4.286673256,780348612.3
STC,0.791283333,943738421.7
STE,2.282911628,5230222660
STFC,0.673728295,929119565.9
STI,2.619072481,21588989833
STJ,3.58349845,20602698283
STL,5.084871318,2177990400
STLD,0.829760853,6141963206
STMP,6.411209302,1701898371
STRT,0.419695349,165817711.4
STT,2.519572093,25831197304
STWD,9.15658062,4941500140
STX,0.830903876,9482555795
SUI,6.215417829,4482164496
SUN,0.370537209,2550812371
SUP,0.877805039,647141301.4
SUPN,5.636169767,977745749.6
SVU,2.384049225,25087740504
SWKS,4.072251938,13627701496
SWM,1.395236822,1128456688
SWX,1.327168217,3284773782
SXC,0.349986434,454577282.9
SYBT,6.116439535,809502023.2
SYK,4.046257752,41875485640
SYKE,0.924082558,1226516707
SYMC,4.228939922,13564992093
SYNA,1.372893023,2399869438
SYNT,3.366910465,3313975946
T,1.514838996,2.38226E+11
TAP,2.34099031,20224695438
TAST,0.652979845,585335979.3
TAX,1.159503876,197319327
TBI,0.327515504,909293616.7
TBNK,4.151950193,257612245.1
TCBK,3.008428295,620753321.4
TCO,7.6647,4448883936
TDC,1.466679457,3628405771
TDG,4.666287984,14131839843
TDS,0.586671318,3054348178
TDY,1.57842093,3543015310
TECD,0.101854651,2682032730
TECH,7.710278682,3790227467
TEL,1.89820814,22801353256
TEN,0.363860465,3001836012
TER,2.538313178,4315785281
TESS,0.225846899,118802560.9
TEX,0.566629457,2590835360
TFSL,17.15682209,5072549348
TFX,4.191355039,7631330077
TGNA,3.154131395,5007347374
THFF,3.126245736,474763985.9
THG,0.747933333,3620124736
THO,0.828243798,3769886004
THRM,1.493500775,1304363789
TIF,2.178020543,8794296709
TILE,1.132250388,1111685178
TIPT,0.444424806,192349783.1
TIS,1.707755814,295794154.4
TIVO,3.877416667,1855157517
TJX,1.607472093,50873627235
TKR,0.948465116,2654828321
TMH,0.462893798,3044687989
TMHC,0.604974419,1925633722
TMK,1.966935659,7384117867
TMO,3.327143023,58136432171
TMP,4.204160853,1027612439
TMUS,1.082764729,37004911830
TNET,0.487306202,1381139067
TOL,1.114768217,5093355999
TOWR,0.277513178,505775366.7
TPH,0.773008527,1923308111
TPRE,2.173666667,1237799452
TREC,1.182419767,273232859.4
TREE,3.660974806,1140148264
TRGP,0.82685155,5257818798
TRK,1.592367442,761328580.7
TRMB,2.82507093,6525028812
TRMK,3.139963178,1764909504
TRN,0.676387984,3223148647
TRR,0.530951163,243561370.8
TRST,3.917862403,637934746.3
TSC,3.748639922,407291787.2
TSN,0.674787984,25904568140
TSS,2.866941473,9008424248
TTC,3.524311628,8473295352
TTEC,1.056063178,1346517312
TTEK,0.79676124,1930851826
TTGT,1.185420543,132996276.7
TTMI,0.395916279,952917638.7
TTWO,2.41894845,3481945828
TUP,1.306623256,2908308295
TWMC,0.307952381,112885323.9
TWO,14.27347054,4404890220
TWX,2.203024031,62168272171
TXN,4.983615116,64689041822
TXRH,1.609916279,3043227833
TYL,4.658369767,5823104907
TYPE,4.458574031,878283623.2
TZOO,1.216305039,134781106.7
UAL,0.671732558,24932484058
UAM,0.433351163,582801342.7
UBA,8.048544186,813364387.6
UBNK,3.418218605,676196933.6
UBNT,5.48456938,3625629269
UBSH,3.677627907,1186366262
UBSI,5.938278682,2770752578
UCBI,3.98474031,1447116390
UCFC,3.921150775,310796869.9
UCP,0.204124806,65063876.46
UCTT,0.450022868,213703679.4
UDR,9.300769767,8551567304
UEIC,1.546923256,976969129.2
UFCS,1.163637984,1082541047
UFPI,0.835741085,2462066174
UFPT,1.222537984,172081313.8
UFS,0.447600775,2322473267
UGI,1.262530233,7404920721
UHS,1.298754264,12123743974
UHT,11.79441395,760655582.5
UIHC,0.86537093,345008308.9
ULTI,8.692149225,5913071718
UMBF,3.478402326,2799055046
UMPQ,3.094329457,3498530994
UNFI,0.249036047,2096027002
UNH,0.768594574,1.30958E+11
UNM,0.765256202,8184722961
UNP,3.611515116,74812250729
URBN,1.047310465,3642918770
URI,1.297896512,6452804435
USAK,0.281370543,135095832.8
USB,3.645858527,74637154612
USCR,0.804335271,849578515.8
USM,0.818764341,3300039341
USNA,3.157297674,3000612452
UTEK,3.844675969,603471246.6
UTHR,3.82459845,5860431531
UTL,1.459346899,568811873.7
UTMD,5.598046899,224939144.7
UTX,1.503617054,84753944190
UVE,1.193334496,740558848.8
UVSP,2.718818557,400452796.4
V,12.96243721,1.8745E+11
VAC,1.083453101,1929783932
VAL,1.897160853,8051303860
VAR,3.437722868,8315118636
VASC,5.105970543,788220930.1
VDSI,2.946532558,637797448.5
VG,1.382343411,1264762595
VGR,1.469057752,2474882050
VIAB,1.228622481,15861227597
VICR,2.053552713,421156809.1
VIVO,4.157868605,810555106
VLO,0.349752713,27973040233
VLY,3.61533062,2405565379
VMW,4.015838372,27166612532
VNO,11.0772593,18282414975
VOXX,0.1409861,92802886.95
VOYA,0.718006977,5785422407
VR,1.695311628,4067842077
VRNT,2.024272868,2219461919
VRSK,7.163663178,13509356186
VRSN,9.790568605,10703288196
VRTS,2.03827093,758677598.8
VRTU,1.428295349,886093361.7
VSAT,2.477534884,3559903730
VSEC,1.004769767,569439013.3
VTR,6.599149225,22125219151
VVC,1.724450775,4044816264
VVI,0.609242636,677176636.3
VVUS,1.701000388,123641127.8
VZ,1.612170543,2.10115E+11
WAB,2.206527132,6992425498
WABC,7.070323256,1275650152
WAFD,5.036777907,2350116464
WAGE,6.218122868,2115859835
WAIR,0.896903488,1326572427
WAL,6.148366279,3694634118
WASH,4.221767054,703080751
WAT,5.486639535,11423359015
WBA,0.761029845,88562688554
WBC,2.136556589,5765482999
WBMD,4.479341085,2963513054
WBS,3.749512403,3502129210
WCC,0.349449612,2608622112
WCG,0.332489922,4672951761
WCIC,0.844062403,517129492.4
WCN,8.626029412,18323091083
WDC,0.942214729,12696916705
WDR,1.201546899,1689817369
WEC,2.643422481,18097162415
WERN,0.877993798,1807554301
WETF,5.380937984,1498545951
WEX,4.150004264,3684085579
WFC,2.886067054,2.51889E+11
WGL,1.40897907,3372431491
WGO,0.662807752,643914548
WHG,3.466425969,440546123.6
WIN,0.160174419,906657120.2
WLH,0.496285271,606483017.4
WM,2.098890698,27654081574
WNC,0.435947674,869211204
WNR,0.317231395,2701527272
WR,3.012625969,7435705970
WRB,0.94969031,6982849527
WRE,5.140158527,2105698830
WRI,8.960165504,4700425868
WRLD,0.709556202,393455015.8
WSBC,3.927174806,1248167310
WSBF,2.891137597,430487255.9
WSFS,3.804776357,1041348792
WSR,4.382942636,367080217.7
WSTC,0.81300155,1860931309
WTBA,4.868070543,311346489
WTFC,2.912834884,2793258467
WTM,30.77842062,5515814152
WTR,6.851178295,5592707472
WU,1.804710078,9845271198
WWE,2.083686434,1416798078
WY,3.829414729,20121191514
WYN,1.623930233,7978645593
WYNN,2.266397674,9155887243
XCRA,0.965488372,323795640.3
XEL,1.904007364,20762529863
XL,0.977357364,10003137781
XLNX,5.932393798,13290402775
XNCR,12.52969574,722462719.3
XOM,1.617613178,3.60416E+11
XOMA,0.209232946,10435887.02
XRAY,3.964914341,12007990640
XRX,4.75577907,45333713480
XXIA,1.882007364,947190633.2
XYL,2.212131395,8111123892
Y,1.503208915,8111465630
YDKN,4.863005426,1143485612
YORW,8.219126744,387694820.8
YRCW,0.073002326,346343658.4
YUM,1.557192636,32426871442
ZGNX,8.884712016,239759460.3
ZION,2.652599225,5871320763
ZIXI,4.010974517,227640256.9
ZLTQ,4.453367829,1289838480
ZOES,2.486286047,608999129.5
ZTS,4.939739922,23886274451