i,j
413,1153
198,1432
130,347
948,1196
58,628
567,1187
648,1434
21,1361
76,438
860,1249
963,1195
861,1372
410,703
292,606
1042,1044
797,1094
655,958
532,1336
488,545
671,833
742,906
1143,1244
882,1377
292,938
630,1249
315,410
1330,1410
417,838
789,946
195,1363
124,1233
872,1137
13,1130
565,808
533,1465
604,1052
149,192
659,1373
228,422
56,572
656,1219
65,1260
582,777
1102,1288
431,567
815,1423
301,411
1185,1420
554,1443
966,1482
830,1035
1112,1492
72,1338
559,1402
912,1379
973,1253
428,816
431,479
471,646
531,903
22,609
68,1339
22,1371
423,1198
969,1178
583,1335
650,1217
424,847
79,1387
109,1294
591,1488
427,560
499,571
502,727
550,1314
382,1095
772,990
750,1132
471,677
1156,1261
454,998
422,715
297,598
720,1396
1181,1485
617,840
448,1394
541,1398
467,1359
181,1014
756,1333
1139,1145
975,997
638,1224
326,638
561,917
30,356
646,1271
425,447
1008,1261
238,418
282,372
348,977
303,318
1210,1270
1077,1130
1103,1452
257,1369
433,513
339,1302
188,1015
366,660
101,965
486,1113
947,1468
616,1015
762,974
41,297
763,1155
1094,1252
370,1330
453,812
919,922
109,1007
11,743
130,1454
1214,1394
81,102
519,625
655,1298
775,1495
160,909
617,740
331,631
706,1457
488,772
187,985
152,1193
473,1185
64,982
304,474
605,1355
998,1320
246,1309
146,612
268,1422
397,1163
363,690
628,748
864,1331
222,1316
1178,1324
101,129
875,992
798,1488
683,703
921,1044
298,769
856,1261
286,311
601,1036
513,722
1002,1069
418,460
816,988
5,646
658,855
282,1133
803,1321
31,938
766,1368
161,1018
1172,1381
731,1364
1184,1405
1123,1385
140,986
35,437
973,1142
465,644
385,1106
1167,1300
623,1402
1147,1318
444,723
165,1478
1060,1493
1124,1285
942,1083
772,1045
941,1192
832,1292
788,1064
276,1248
1093,1280
930,1014
681,806
1323,1366
830,864
1014,1130
607,903
812,832
171,365
696,995
108,715
3,594
1026,1067
154,482
482,777
391,810
526,1255
611,1287
326,1483
124,495
530,853
609,841
183,1050
1344,1401
494,1378
641,1095
257,995
233,1427
7,1376
820,1223
431,1423
159,617
50,551
652,1013
1109,1457
122,775
829,1440
937,1373
798,1204
489,931
1228,1384
318,724
849,922
755,889
129,1253
282,1331
3,913
242,1307
182,472
81,1107
601,693
395,1093
771,1180
574,857
867,1186
31,43
509,1381
85,145
359,1054
156,174
393,1024
125,1019
981,995
157,563
1072,1142
275,459
457,498
105,1062
633,1394
384,1123
685,1136
29,1014
113,642
642,1205
720,1478
218,970
306,1002
413,1474
428,1164
915,981
859,1365
241,670
182,365
1382,1490
997,1495
546,1487
518,669
54,1074
643,1261
58,383
115,1410
792,1074
45,1260
90,391
687,1349
801,822
1175,1474
693,1346
298,444
379,426
1016,1449
63,1491
506,1091
788,1421
254,1089
528,1431
980,1198
21,730
87,1342
1038,1184
1045,1281
25,1291
1092,1105
395,883
1053,1157
508,687
428,1256
184,817
545,738
179,315
482,1352
422,781
257,988
654,722
487,1199
316,360
949,1240
753,1291
617,832
225,915
297,1168
812,1395
128,1120
447,953
577,1195
479,597
725,1132
617,1390
339,1339
146,1071
394,1011
917,1393
526,1425
262,1065
229,248
185,459
457,963
988,1008
233,868
197,703
675,1118
541,694
582,960
165,677
313,949
408,795
384,1474
297,974
858,1122
247,652
486,1177
169,1291
595,664
736,835
168,951
929,1087
434,1189
48,517
782,987
635,1136
310,1162
580,815
470,1309
83,985
188,1032
277,374
712,765
233,256
590,1235
56,855
964,1019
496,1306
730,1215
808,1212
449,712
467,658
1084,1279
719,1400
13,1316
407,1434
38,997
726,1196
1134,1492
124,788
415,1122
1307,1325
612,982
322,947
1050,1236
165,775
1050,1095
104,543
177,428
576,1345
227,883
222,406
585,1223
805,1428
153,1050
298,448
1168,1458
380,488
33,1269
901,963
444,1461
11,1078
154,316
948,1045
452,974
114,655
400,871
688,979
383,1109
1013,1143
1293,1426
498,1475
674,1239
544,760
598,749
698,1098
953,1102
986,1372
413,963
325,817
448,715
697,972
336,702
158,949
1192,1272
17,622
936,1017
56,1321
1061,1159
522,1083
1015,1245
568,1433
385,390
701,830
1074,1088
611,897
445,451
131,531
368,790
780,983
865,1044
383,508
486,528
699,757
339,1325
175,888
611,1375
911,1431
416,1116
616,950
296,300
278,753
1299,1444
74,279
41,919
752,1130
473,731
1061,1148
801,942
1023,1347
148,638
656,1060
368,1310
981,1262
44,595
1128,1476
804,1416
348,935
896,1191
4,913
756,781
858,975
511,911
367,605
348,873
145,551
140,1367
842,963
787,877
570,908
1310,1449
1156,1300
1102,1435
37,221
977,1159
471,1288
352,1213
248,539
97,172
1247,1301
399,494
678,1397
756,996
131,977
267,950
743,1062
878,1057
869,1299
1429,1477
999,1314
963,1211
850,1461
1328,1470
431,1395
255,1003
470,821
60,1400
108,700
97,990
278,650
594,1460
351,953
772,957
44,813
92,700
56,971
1010,1113
284,1288
251,1392
854,1381
1003,1295
1274,1308
800,1311
280,811
36,1345
387,1153
335,577
308,381
126,1243
491,970
543,637
570,632
899,1022
232,859
466,870
275,458
247,1236
212,1276
650,1155
270,423
247,1138
667,778
94,225
77,691
93,959
54,484
645,868
93,1449
31,1488
1063,1379
626,1459
1445,1485
621,638
1072,1341
69,342
322,878
130,1253
255,1411
225,1105
360,382
17,622
1388,1425
10,304
227,750
449,493
137,1391
438,769
368,905
911,1267
594,1091
617,1332
1130,1422
337,1453
237,1091
455,1312
1151,1205
18,1478
280,472
312,1193
417,1361
1046,1064
607,694
1097,1352
405,963
368,1411
898,1236
338,963
431,988
644,796
593,1243
1197,1214
230,845
645,676
724,1431
1013,1241
1044,1440
420,904
415,1072
732,1327
157,677
15,760
63,413
110,308
269,559
386,435
949,1061
563,815
280,1050
245,818
1354,1356
382,561
758,1008
66,358
136,172
266,422
34,233
62,356
31,866
157,172
173,1005
249,333
41,1145
97,208
192,1072
268,1490
90,1155
94,318
300,823
1015,1166
253,638
659,877
1250,1256
239,331
121,907
287,894
646,966
682,958
1250,1464
262,285
771,1043
371,1110
878,1469
104,1403
368,463
53,205
216,250
358,1296
286,431
397,1377
501,1084
316,502
94,723
190,895
1330,1455
1183,1336
258,553
1066,1075
37,116
409,1455
234,382
917,971
311,834
66,544
892,1443
850,1487
55,1043
962,1471
434,869
41,1183
139,957
312,563
613,797
327,858
339,618
380,1116
238,247
266,368
138,914
17,628
213,404
428,751
1312,1451
53,1117
365,429
659,1259
44,566
56,659
27,360
432,1319
610,1021
520,848
28,680
190,447
231,1347
844,1268
175,1090
97,1393
12,1435
1477,1497
122,280
702,761
661,938
715,1285
680,805
197,542
656,1278
1155,1267
485,509
392,1149
122,502
1290,1425
1174,1333
749,1312
517,1469
1058,1137
630,1204
238,922
276,1306
312,1417
429,1395
1002,1158
1163,1448
737,1125
852,1127
234,1372
549,978
444,1077
379,887
303,1043
341,438
1085,1426
1108,1307
75,760
823,1078
222,729
499,834
1,77
253,642
526,1387
376,1236
886,942
85,1260
113,606
220,816
87,659
1274,1298
184,346
847,1091
1059,1086
234,323
206,645
824,1218
276,762
1123,1392
666,1363
500,890
517,850
663,1160
453,621
307,1474
179,1026
539,1213
969,1188
116,775
242,1477
149,230
86,424
42,360
297,1396
1105,1276
679,909
846,1402
26,954
429,608
1160,1491
166,678
531,931
912,1455
455,457
155,1281
127,1355
98,190
638,1401
466,611
1253,1485
105,913
971,1296
630,846
26,48
537,894
498,1417
203,1396
97,1088
155,1354
619,1122
386,1056
47,805
477,497
652,1303
112,1386
487,1123
1083,1368
202,754
801,1458
331,772
534,1241
1263,1374
1226,1493
564,1228
743,815
142,314
623,981
487,776
212,359
1095,1117
322,1487
464,1181
459,1037
71,967
212,1321
496,557
643,1416
908,1082
92,628
675,1268
330,782
956,1145
419,1496
716,1064
450,656
3,783
830,1391
957,1134
179,275
521,1402
209,1475
727,1174
233,423
987,1318
127,452
112,514
484,540
224,736
626,1385
30,136
46,962
568,844
970,1227
835,867
1346,1428
633,1493
332,491
21,1416
149,701
295,601
227,380
1078,1315
1154,1339
982,1101
229,1146
57,839
564,900
846,993
490,783
289,1205
858,1295
400,680
142,163
1018,1069
466,1184
209,1254
470,1411
251,883
431,1104
368,909
1182,1457
55,992
1032,1169
311,737
648,818
1149,1245
708,794
233,444
664,724
1096,1214
114,466
1001,1280
722,788
252,732
606,701
731,1048
36,833
638,809
524,718
878,1358
156,1026
259,1237
290,1414
116,555
419,1155
265,699
389,1037
547,1481
686,1028
304,651
684,1367
526,1106
58,215
361,1305
594,1190
153,350
826,984
14,1454
86,1028
639,889
716,1024
313,954
888,1072
837,1398
1114,1258
842,1485
195,769
369,615
681,721
360,1114
18,338
609,875
286,487
859,874
422,1270
822,1106
440,1314
568,1415
278,1017
532,1129
1207,1351
662,1006
537,642
378,781
905,1279
45,1225
594,767
101,283
1150,1358
170,1210
32,499
512,777
25,1305
765,1413
579,899
46,740
155,1491
171,1024
102,1034
72,491
175,955
14,57
797,1174
740,1294
36,349
96,400
310,632
751,1339
160,551
281,1019
677,1385
1278,1330
76,670
778,796
103,292
939,1219
337,593
384,448
353,600
625,1352
949,1072
25,55
254,933
825,973
110,150
96,657
138,1141
219,388
551,910
1112,1455
266,1080
1144,1372
565,1137
216,313
275,735
837,1110
406,1202
1405,1414
622,1035
51,493
838,1350
1245,1466
558,1428
762,1175
122,436
579,815
98,838
17,1485
126,1017
907,1369
415,440
645,1172
20,1136
422,854
872,1337
665,924
1141,1374
1262,1412
180,1179
1255,1446
101,564
201,739
290,323
468,859
656,1476
425,1459
0,316
673,988
608,928
949,984
293,888
948,1263
141,1183
885,1039
972,1021
647,1053
623,1139
437,856
352,382
404,910
902,1389
1140,1485
192,240
405,823
481,1183
450,1372
384,429
307,823
898,1307
223,1081
374,728
459,1395
640,1269
1040,1144
1198,1497
316,1053
123,572
475,1024
276,1242
412,808
1266,1347
669,979
642,965
81,1119
112,1078
1109,1449
50,735
947,988
576,696
757,1229
435,1142
273,582
837,1222
1067,1165
171,1453
877,1247
38,1386
100,1132
983,1137
549,974
63,841
208,316
188,1393
1126,1343
554,672
305,808
420,1145
30,613
980,1173
206,538
541,644
342,870
706,1087
945,1395
713,812
501,614
1305,1395
743,824
15,660
108,369
154,1475
1095,1122
732,1001
1014,1149
1105,1408
7,1493
294,641
267,827
1109,1391
462,1099
1218,1283
179,881
799,927
113,702
1024,1106
31,55
45,1415
1027,1254
917,1291
869,1259
1046,1256
1105,1172
202,513
173,351
1068,1298
818,1317
93,439
190,779
153,870
1292,1352
177,375
552,1160
42,659
576,1120
639,937
833,1036
966,1213
680,1313
1173,1327
822,1411
1208,1412
681,1184
434,1008
1012,1015
99,1374
109,1142
207,790
357,735
836,1392
1186,1370
46,1117
144,596
908,979
57,811
1022,1274
704,1485
747,1336
769,874
471,880
269,1080
277,572
71,1158
125,658
194,432
407,1330
467,871
560,1101
806,935
515,984
233,552
53,1482
896,1000
963,1390
167,761
555,1494
696,1328
252,486
130,1070
805,1357
248,615
1126,1286
542,1023
1124,1344
418,1449
164,1041
719,1472
21,710
166,354
118,1446
842,1241
861,1119
195,1056
564,746
1339,1453
236,756
427,1463
355,365
325,1216
860,900
1172,1402
479,1152
12,700
1089,1137
531,1400
317,551
202,537
645,1395
162,234
155,1096
39,867
281,981
1122,1338
1210,1367
1246,1353
953,1325
771,1303
120,1049
499,1425
1093,1154
936,1107
118,876
1174,1231
444,1057
493,504
1223,1492
415,445
679,1391
534,925
603,671
328,1173
249,462
239,485
300,1284
413,797
846,1349
269,578
1100,1209
259,1356
241,489
233,546
460,1449
1151,1365
412,930
1012,1183
112,1110
1157,1281
276,1077
382,1079
323,336
387,1017
675,856
826,1296
680,1071
313,1168
868,907
258,896
606,1156
480,914
220,430
1187,1461
6,996
372,374
926,1056
8,74
501,706
416,1318
265,287
346,1229
769,1309
664,1406
471,494
836,1160
461,1483
686,1473
495,1452
858,1341
680,728
797,920
753,1304
404,1440
108,485
675,1141
398,1040
203,1216
43,1336
678,713
653,1045
1038,1374
136,685
279,308
473,1104
122,1079
460,825
576,893
541,960
59,1072
873,946
337,1123
482,1013
701,765
259,978
10,1346
597,1260
334,998
134,594
200,1324
129,653
193,1010
1199,1311
195,1092
336,427
317,1411
532,1159
590,998
1249,1496
98,242
252,1313
445,803
993,1273
526,1322
419,1462
472,861
579,1092
141,166
432,1278
317,566
1025,1413
259,1355
941,1221
348,1481
129,868
526,868
810,1265
830,1179
589,813
858,1458
505,1302
279,944
732,1321
311,626
648,872
434,961
141,627
123,586
1202,1222
454,973
168,895
172,1036
292,886
77,431
885,1335
1063,1451
647,1290
68,829
323,1195
797,1184
129,1310
1141,1172
1407,1448
344,651
1048,1072
569,907
339,1424
189,1251
399,1383
1037,1406
156,255
294,1344
531,1429
357,1473
620,1046
1189,1429
1153,1155
236,932
52,643
1135,1398
847,1345
854,1326
1062,1487
1284,1345
247,838
896,1188
982,998
521,545
912,989
983,1367
304,476
541,1034
231,1240
1077,1343
236,1197
224,746
53,1091
512,908
206,1315
624,932
1104,1454
38,517
69,893
251,1286
719,1203
798,1218
432,1466
750,1328
156,294
238,1450
811,1029
324,1005
368,1317
989,1387
59,149
177,1449
336,868
11,1314
908,1410
601,1387
693,1159
148,1401
283,489
94,1379
316,743
26,1346
204,1109
515,974
240,1172
184,889
947,1304
118,1385
448,900
299,928
633,1285
346,985
727,901
133,272
1015,1218
649,1276
325,703
490,523
443,1028
335,1403
422,1463
517,901
456,768
761,976
45,1188
271,666
468,576
1142,1147
284,895
902,1055
423,1311
111,1114
81,1037
252,1091
979,1194
602,1419
476,615
247,772
127,279
1029,1478
877,1354
155,393
949,1228
757,1235
874,1424
206,1268
50,504
299,1017
482,1202
346,394
730,1417
366,469
110,552
190,784
324,1237
132,672
1003,1258
110,1071
348,940
862,1035
88,521
600,1250
340,387
34,417
101,557
777,1314
612,1483
978,1450
121,998
115,1340
25,882
128,1039
1149,1152
492,1394
269,679
8,1125
592,837
232,675
462,1247
493,1109
101,1145
287,1275
20,719
665,1412
562,1446
157,624
632,1098
135,757
396,1475
149,407
458,708
749,1313
739,798
576,761
650,1311
758,1100
494,900
295,1083
526,808
156,322
145,1095
756,1163
410,1112
25,799
1364,1381
1168,1217
830,1395
428,1072
197,628
927,1048
232,1417
378,767
1030,1414
1072,1349
1026,1431
1396,1486
834,915
1431,1473
547,680
71,541
439,1180
373,988
1052,1081
154,1415
308,901
674,794
1054,1346
328,466
809,848
636,974
1058,1480
69,869
631,852
378,418
247,865
506,793
226,300
616,807
71,165
672,1295
784,980
1003,1017
254,338
234,1435
1088,1463
190,1471
790,1424
12,1199
791,799
878,1122
74,556
1418,1421
234,901
315,514
144,541
36,274
5,1169
404,1463
44,682
910,983
876,1058
741,1413
259,1072
426,1100
829,1323
181,399
739,1136
1450,1477
55,716
488,1006
100,157
96,810
1159,1309
93,1091
503,742
289,844
880,1078
802,1180
54,1043
88,727
25,505
1053,1411
117,1059
109,694
0,366
1066,1311
314,626
858,1290
597,1251
797,1274
327,414
112,1024
54,148
346,1170
712,958
1149,1231
351,1183
378,1253
1184,1339
58,604
943,1279
195,661
53,54
1013,1348
1172,1329
82,1426
976,1470
144,1019
87,107
428,826
329,1331
64,1364
517,974
1115,1310
153,1256
462,938
663,1316
70,596
97,887
687,1269
479,1214
265,413
467,898
607,1438
854,870
987,1099
832,1108
178,1001
52,1225
1169,1447
711,1079
1158,1239
421,869
375,657
552,1196
226,972
1301,1358
647,905
232,767
47,520
772,1117
526,598
491,1484
824,839
1089,1340
517,1122
29,151
719,930
787,1220
1097,1263
691,859
810,1481
198,1273
430,1034
895,1080
366,1287
1179,1254
834,889
385,775
957,1216
1078,1306
309,663
406,1275
255,939
56,615
789,1232
1264,1303
1110,1154
634,673
1082,1429
405,1319
585,739
119,781
1092,1273
1082,1448
601,672
198,245
828,887
494,582
49,1250
716,1062
532,686
647,715
721,1414
178,488
858,1311
629,1282
155,1149
163,770
320,1254
576,985
598,1370
722,1243
233,1405
962,1225
769,1086
303,926
464,1385
840,886
26,234
985,1320
271,1372
188,1047
113,474
843,980
116,950
424,426
1163,1410
454,1022
162,1419
362,1237
349,544
176,1200
1304,1316
1169,1275
515,828
268,703
161,1484
738,1354
1086,1313
433,1249
226,1333
33,933
206,1020
494,605
805,1330
39,630
297,1094
284,1112
212,774
305,1035
376,1491
43,535
911,1378
839,912
265,470
896,1232
13,65
261,648
712,1233
170,1447
114,1437
88,1472
120,1429
993,1466
1117,1442
163,1428
625,840
229,611
395,1029
474,782
442,1348
1107,1253
357,1223
96,415
1024,1422
902,1202
128,1446
771,1276
95,105
564,831
678,1086
559,1025
250,446
384,1024
89,1455
137,851
651,1497
25,1123
240,668
1129,1278
1124,1421
1027,1187
273,1452
699,925
783,1369
396,834
145,913
934,1246
180,633
1056,1072
243,413
373,378
327,1172
579,979
336,1427
833,1387
584,713
1179,1198
252,1295
629,1322
1044,1474
243,1265
2,53
399,1231
381,889
75,1161
701,882
253,928
529,1356
180,631
697,794
406,475
223,466
853,1456
102,893
617,655
1455,1464
352,1040
768,1216
71,1031
522,540
756,1300
117,538
454,1446
438,1061
1025,1381
189,833
566,1089
333,1011
295,476
1387,1478
383,845
198,842
352,760
386,707
33,91
1125,1212
556,1054
373,1406
28,1201
389,1036
792,908
307,424
41,161
1354,1385
131,654
257,848
427,482
481,760
435,669
967,1403
487,1232
77,89
475,1099
46,111
750,935
224,298
595,887
342,675
589,1283
106,698
384,1029
864,900
1090,1441
968,1385
472,1356
1044,1305
366,1267
274,920
127,1252
286,1435
37,1208
607,806
644,739
34,1235
52,1138
284,922
166,569
394,1262
74,1116
832,981
130,288
276,1134
1,209
822,838
909,1348
295,544
550,1351
842,1080
1030,1079
212,1496
872,1388
158,813
236,996
457,934
509,740
317,918
56,187
779,1252
124,1295
225,1134
436,545
104,1354
1330,1411
9,1208
377,460
606,1315
241,883
1378,1485
673,1019
314,1335
820,1286
125,971
590,726
1284,1409
771,1441
732,1035
83,189
531,1069
11,1247
946,1255
87,107
976,1454
477,1451
191,1391
184,922
639,1178
699,1054
676,947
1028,1384
834,1429
265,815
196,1034
288,1338
88,242
652,1008
863,913
530,531
163,734
873,1164
261,1009
269,1203
116,1183
355,832
30,96
1356,1462
456,1376
85,952
867,1330
386,457
175,364
316,1337
565,676
246,414
294,1053
1154,1284
780,1375
978,1013
8,509
369,1099
264,513
674,794
256,1195
264,1161
393,1367
518,1162
417,1415
12,1066
8,1313
1017,1070
198,510
94,824
1013,1219
393,965
273,619
513,1237
210,1022
445,728
487,1042
581,1284
639,1414
1063,1361
686,732
593,1471
610,936
490,1244
1202,1241
264,381
524,1064
304,983
737,941
307,1313
37,1061
244,1354
278,834
271,641
266,281
104,1452
162,849
96,1320
433,535
63,1019
145,526
698,812
151,1072
430,881
195,804
210,975
184,1030
616,1310
47,1459
797,1317
66,1002
290,621
426,775
291,368
138,1327
239,1099
386,421
506,1432
701,827
881,995
354,1172
103,537
673,990
14,1324
408,1377
639,975
156,841
162,492
8,1130
282,690
1438,1454
34,1317
1371,1425
423,999
672,1147
716,930
207,411
1184,1368
225,709
962,1271
208,724
624,1382
1305,1378
45,475
1154,1477
1184,1313
619,1453
1205,1328
153,242
298,411
933,1488
561,732
272,1358
163,1396
961,1494
146,311
675,1201
1090,1363
714,1480
514,1031
156,862
313,511
39,1343
532,764
1043,1328
618,694
503,1041
837,1255
541,999
757,840
43,199
539,1047
896,1238
605,689
1107,1203
827,1120
118,948
551,1231
163,1145
10,1157
1316,1357
637,1098
318,601
245,1262
721,891
1295,1473
76,1222
685,906
38,1176
66,793
129,1316
404,994
825,971
205,227
278,1344
570,1415
1220,1276
602,943
903,1141
151,1214
71,1091
875,1371
815,1423
640,798
502,510
85,400
38,118
941,1354
436,620
1207,1405
714,1251
346,1264
265,1225
305,1060
521,853
815,1292
252,873
382,712
330,1363
101,109
89,1027
407,1253
618,1145
416,1194
375,710
1024,1206
425,1086
239,1462
59,754
7,865
519,830
367,1242
1341,1487
607,1438
1085,1280
73,1184
5,83
458,608
707,827
205,700
842,1397
507,1278
172,1234
306,574
1026,1463
603,1031
851,882
977,1096
113,564
190,681
510,1276
459,877
12,296
916,923
539,1133
426,1132
444,631
1220,1386
596,1172
584,1047
506,634
44,862
831,931
1216,1315
278,593
485,576
228,491
1223,1351
24,195
210,1481
99,1483
593,955
1050,1245
616,1131
186,354
49,1084
774,1083
910,1236
56,528
574,1176
1208,1370
81,1468
257,902
572,1408
269,1236
325,362
514,697
394,1324
538,1216
429,1019
156,1140
644,752
506,688
797,929
189,782
696,915
202,1260
570,749
105,301
1041,1240
895,993
1060,1264
413,1172
757,834
703,842
1256,1383
518,868
304,366
428,921
354,1370
23,1416
1091,1162
882,914
248,298
534,723
308,934
1023,1262
561,1229
1277,1422
1042,1292
228,441
825,1036
99,1022
489,621
352,987
306,1378
958,1465
1110,1275
779,1136
1118,1259
610,1019
1173,1302
1136,1404
664,960
612,755
1254,1472
760,1275
661,1385
14,630
38,150
329,1093
5,359
442,520
543,1494
674,1287
451,923
63,361
1039,1482
63,814
1225,1394
275,1025
1269,1465
281,422
456,1067
1215,1237
653,1488
256,580
584,1404
957,977
14,1259
333,1496
565,652
1199,1420
249,667
771,831
243,449
836,1200
65,240
988,1162
732,1473
62,324
87,799
1026,1050
646,1313
1153,1314
785,1177
615,926
1279,1359
3,205
660,1254
83,1216
604,1181
840,1043
638,1289
146,577
1281,1298
83,684
651,1297
65,1471
128,1162
552,1316
488,1497
412,659
811,1043
66,936
450,562
927,1418
42,510
907,1192
266,1409
161,1436
450,501
653,996
326,792
904,1497
252,1269
424,477
898,1051
525,1080
732,916
1123,1180
440,843
678,1123
727,991
213,568
822,860
206,1181
231,1046
1085,1271
714,1074
179,400
176,331
843,936
448,544
967,1457
204,1148
1217,1293
159,1413
899,1415
448,751
219,756
782,816
837,1180
521,1092
450,601
27,1231
394,821
1103,1432
355,1413
167,980
780,1071
1212,1469
834,1017
971,1154
703,1013
323,1394
223,1375
694,743
228,366
998,1449
445,1033
604,1200
334,369
65,518
1084,1154
362,1329
309,477
39,483
1074,1389
1031,1081
1300,1467
433,1273
53,1305
4,1093
224,721
692,972
255,1470
136,793
468,973
414,624
99,680
85,624
390,1247
604,1134
218,787
376,1385
683,1211
698,751
115,796
217,1054
645,1104
958,1211
465,1434
175,357
418,1162
683,963
746,1052
783,793
26,1117
158,479
330,1201
561,1329
612,931
481,744
1001,1238
1153,1169
24,1444
959,1162
417,531
0,1316
315,684
7,768
917,1088
242,404
970,1486
143,1393
78,909
582,862
1062,1420
576,1289
350,1404
270,953
486,890
708,1310
117,1199
1013,1194
1105,1491
437,777
262,290
83,964
541,915
90,648
172,577
604,745
1046,1477
133,839
413,872
404,588
657,827
556,1166
586,1051
170,1449
170,1497
620,1208
1262,1364
1012,1336
211,989
573,1030
237,301
92,711
76,1168
46,233
615,970
688,987
406,598
1083,1445
148,584
440,958
423,1392
503,567
399,1282
214,450
304,1425
367,1471
1360,1361
268,1337
107,777
106,1408
250,787
682,1374
95,499
779,1225
271,1291
23,1305
873,1319
318,955
76,900
250,693
288,684
336,1496
819,1173
118,310
319,1023
1147,1327
281,1026
617,827
1012,1287
666,1434
973,1048
45,146
552,555
93,561
76,995
464,597
1256,1261
737,1293
141,836
867,929
364,380
470,1267
313,396
163,237
536,1445
593,1160
384,1221
147,209
590,1400
295,315
347,544
413,816
81,493
396,1290
293,511
837,1282
812,1028
307,629
542,848
559,1271
284,318
9,677
774,860
699,1147
389,517
664,1481
83,667
190,659
822,1209
237,968
1026,1031
350,1184
433,968
527,1203
664,987
399,841
2,233
415,1120
259,1329
896,1301
423,492
534,679
178,1073
1034,1421
108,1187
1058,1394
423,1251
359,850
436,1103
1283,1427
488,946
344,887
517,633
88,1098
274,1293
459,798
2,255
129,1266
354,1103
699,1340
120,1395
240,1040
243,683
1122,1407
113,852
893,1083
269,961
1153,1425
656,659
879,1302
837,1087
360,1166
1349,1399
638,1455
435,657
370,1282
1150,1316
331,821
629,710
966,1455
170,268
255,940
459,1123
385,1408
895,1294
20,1245
300,752
29,446
206,616
124,790
123,931
301,1478
36,542
178,470
1019,1020
124,333
57,986
639,1304
1218,1283
953,1082
596,691
100,522
481,1009
212,565
182,683
790,858
1257,1478
1185,1447
621,1480
693,1440
22,1329
905,1018
3,1391
1248,1452
383,795
493,992
717,1425
608,701
431,457
162,399
1166,1221
506,996
474,997
863,1026
38,1057
417,1419
949,952
1161,1339
157,872
353,1111
1060,1264
496,794
197,1088
611,1202
32,451
324,1352
401,1324
339,1098
354,1343
477,1231
505,742
306,1025
215,1279
121,609
434,866
986,994
143,1389
597,1284
755,757
1117,1371
67,638
1025,1193
46,879
781,990
143,352
694,1481
212,1283
125,1145
83,430
48,414
235,1159
1081,1425
265,1472
71,756
10,1454
156,769
263,1023
90,797
996,1250
30,336
716,1212
1092,1174
158,334
4,1397
1005,1189
425,1199
542,1173
434,741
258,1280
1264,1364
1370,1483
61,1421
925,1309
0,323
360,704
1326,1437
505,1460
875,1007
255,883
1294,1444
1161,1181
645,1450
19,1330
784,1484
668,1079
265,361
58,662
585,1012
21,1250
976,1269
734,1042
464,1137
905,1264
250,1485
778,1055
183,1149
145,913
101,1457
437,1204
591,1374
616,818
542,1379
539,1305
801,915
52,545
627,1095
716,1404
1031,1483
1371,1448
1135,1137
221,291
368,484
38,842
1247,1489
672,920
545,1297
297,1322
91,1043
212,778
131,351
466,1285
59,1407
131,823
382,1361
59,1010
1066,1228
1013,1435
251,1484
335,864
93,1139
84,325
49,494
991,1445
1,1210
271,1290
923,1276
826,915
946,1052
853,1211
933,1015
1075,1387
87,549
173,453
402,1142
122,1130
89,1150
364,1142
53,1478
563,1272
156,1114
413,947
794,1089
188,362
295,420
547,1326
766,1072
400,1183
605,1128
1265,1284
104,651
167,359
264,1054
431,1397
76,980
238,1491
820,1051
23,754
582,1152
877,1208
548,852
28,233
859,1465
394,499
12,585
375,1113
116,1007
838,1478
488,1218
434,706
698,1245
57,348
728,1423
197,395
623,1157
130,254
1211,1382
148,315
318,582
834,1112
228,528
721,1425
257,826
1258,1389
466,697
300,1034
169,1001
791,809
753,1479
1020,1406
1192,1443
553,1016
686,752
1003,1220
523,524
20,1050
1064,1073
564,648
230,545
311,616
569,1362
317,1121
507,1470
173,1107
675,826
623,1472
79,1182
128,891
406,1332
3,966
621,790
45,1434
597,642
461,464
299,1205
809,1139
289,768
206,1470
300,1119
369,520
833,1350
303,933
53,496
659,1293
588,969
615,738
151,431
205,813
602,1049
107,1354
565,914
795,1087
400,678
206,986
142,285
20,610
693,1411
636,1365
98,1005
243,879
335,1171
217,1071
581,1054
438,603
341,871
1103,1348
222,430
170,1141
493,1228
1170,1477
1232,1324
448,1031
1131,1375
215,1401
937,1431
1090,1381
289,711
66,994
172,1131
282,1260
99,1084
114,994
451,454
159,765
141,1001
749,1096
110,307
627,1451
732,812
895,1252
782,905
837,1182
476,811
178,681
7,1277
1111,1165
726,1444
527,694
139,992
1268,1346
453,1478
200,427
244,570
214,1307
792,861
566,1394
743,1366
783,971
6,562
827,1087
107,1187
843,1466
67,964
433,443
58,883
695,799
356,1236
752,1099
147,253
1096,1286
345,1408
528,901
492,1300
162,1135
521,694
1243,1375
429,1437
819,994
1057,1073
214,998
349,1313
141,413
749,884
264,897
162,1067
1038,1251
236,611
490,573
437,822
127,448
1237,1358
374,1347
389,1477
1087,1348
110,1288
35,97
599,1081
415,416
755,1191
737,1397
298,1240
983,1449
927,1130
90,479
100,611
152,574
256,880
132,1470
512,563
427,1257
119,1321
47,177
437,1014
71,893
110,901
877,1125
176,966
116,1364
352,1459
516,1019
324,568
450,915
155,656
332,1148
951,1382
485,1441
49,534
11,1430
512,1349
378,685
39,1182
630,718
112,732
764,1487
66,1064
395,692
402,1314
3,230
223,1096
1,1143
982,1488
990,1455
798,960
150,341
106,1068
321,1411
916,1388
353,1457
606,607
326,512
299,965
266,742
1108,1385
731,1383
523,562
536,924
674,1051
384,1025
159,429
131,1050
1066,1421
848,1215
928,1444
979,1210
861,1066
830,1230
902,1372
431,1361
309,690
1358,1427
105,1024
354,359
196,1229
52,1340
190,1348
1224,1487
569,804
169,569
645,694
88,963
813,1134
549,1301
879,1108
690,837
380,1256
672,1423
254,470
68,887
385,780
895,1170
131,1211
538,1235
29,1215
442,509
5,1480
854,1139
7,1291
645,1372
298,1163
386,487
28,1168
1023,1214
267,995
799,1425
771,817
531,797
332,969
534,976
523,617
304,380
724,1371
263,336
383,1006
704,936
745,1171
643,1139
222,551
297,415
101,1024
113,1161
238,392
211,572
397,812
977,1114
437,1144
431,1374
431,698
563,1177
9,1283
223,681
152,479
1071,1118
100,1198
714,1042
952,1261
1342,1438
379,1028
348,582
387,647
591,955
1024,1284
1,525
92,1300
661,1201
892,1287
197,457
672,1334
453,1354
440,1181
24,780
425,1377
280,566
332,1154
430,870
757,993
862,1199
333,1257
681,873
960,1380
236,682
403,744
156,1241
296,561
229,1417
880,1265
587,698
547,1362
368,935
1087,1421
392,702
1025,1452
27,947
822,1098
130,1094
447,1267
43,74
610,1326
1010,1295
1202,1472
1009,1199
38,588
443,450
187,1217
0,362
168,837
16,699
250,940
682,948
626,1438
1131,1475
845,1189
1107,1178
918,1267
880,1179
721,862
197,1057
556,1031
1063,1180
157,807
608,691
357,846
578,1191
184,582
84,582
881,1448
1061,1196
1040,1236
9,322
1144,1277
143,584
1375,1490
269,1442
449,1161
322,1436
863,1062
409,672
524,1076
118,764
471,1340
343,526
663,1356
336,1221
392,1327
58,759
650,763
831,1051
200,278
1100,1411
293,1375
236,541
492,504
417,711
19,505
888,1053
1080,1353
36,303
345,1188
868,1178
255,711
887,1331
414,426
1128,1284
366,1023
73,689
809,975
440,550
208,305
329,1005
374,1023
110,1175
254,1196
156,494
120,1115
206,1096
13,924
493,829
357,601
370,439
159,621
368,910
156,1118
113,1497
144,1279
41,614
178,964
611,1217
387,1264
265,320
4,943
851,857
893,1350
297,755
1309,1480
309,1436
355,1322
584,1346
372,768
245,1252
137,675
599,900
843,1112
70,814
248,1187
1039,1102
655,869
935,1234
833,1324
112,1203
427,944
1116,1178
163,1221
715,824
79,745
77,796
541,1335
786,1089
113,511
1211,1345
361,579
301,1163
211,1388
635,1296
240,747
8,565
516,1164
894,1340
479,1274
719,1416
285,971
620,1467
824,839
1099,1362
21,478
167,673
145,953
898,1043
583,1044
667,919
76,467
749,1051
1091,1309
104,588
468,522
353,881
193,837
62,548
559,1230
361,962
230,1114
21,407
76,530
57,642
331,1112
352,655
127,963
527,1286
62,196
836,1094
1274,1439
565,1337
718,861
576,834
340,985
590,1370
839,1089
721,870
196,726
482,630
512,1193
279,431
702,1272
1038,1170
259,1160
373,1044
200,598
518,1346
342,1267
274,1027
1215,1429
53,350
390,497
9,930
883,1368
43,527
175,793
954,1028
499,994
477,1283
352,427
49,742
686,1355
345,524
390,741
176,748
1078,1131
31,1496
1001,1256
545,1239
899,1070
707,1169
79,280
507,1225
239,1152
979,1434
4,1212
797,1257
389,1003
36,767
15,127
147,861
252,1198
984,1274
1024,1227
786,1315
474,931
58,628
72,504
57,824
109,1440
358,1094
512,661
529,1051
297,1023
364,1035
159,196
166,973
63,255
152,166
206,1089
348,828
945,1098
646,967
243,822
111,1423
94,942
649,805
1174,1471
624,1347
278,915
3,137
194,246
598,1275
979,1494
453,737
307,1221
1006,1483
1236,1360
575,1124
756,1446
161,269
1069,1446
1060,1135
902,1152
569,1045
83,85
460,1277
939,1094
400,1424
895,1419
1059,1072
602,1388
189,1084
555,612
360,1109
168,824
552,883
522,1023
1244,1305
352,653
131,591
958,1125
1035,1056
93,1095
83,88
728,886
8,1344
360,397
45,1036
1027,1431
516,871
356,1474
685,829
108,225
13,1070
423,448
370,1010
124,180
421,903
521,1115
695,737
946,1339
127,609
118,1434
1030,1420
51,317
486,862
814,1026
193,1105
967,1178
178,1210
44,459
263,1111
1200,1238
259,385
280,766
412,626
837,952
174,1046
54,563
1085,1196
498,1409
97,156
482,552
702,842
837,1063
29,1316
358,546
450,1073
80,1066
170,1450
1401,1442
226,966
357,685
569,1080
304,1449
583,1289
313,512
266,509
894,1090
682,1441
1023,1098
17,552
804,1295
743,1058
616,678
370,1163
585,850
115,991
67,1414
109,789
1109,1402
108,519
312,769
454,1407
461,1173
893,1299
673,1343
1110,1227
120,688
413,1362
684,946
437,1450
1166,1219
486,837
929,1003
227,909
367,619
0,861
229,1186
963,1430
253,263
836,867
0,632
110,618
386,861
355,1493
117,296
1283,1307
989,1278
1045,1398
174,384
1218,1408
1213,1360
480,1482
33,821
839,1078
1311,1412
585,804
272,1298
320,1082
247,556
23,1134
784,1017
67,819
620,1491
177,783
43,1119
936,1280
511,749
18,1253
1101,1314
196,333
661,799
430,860
120,145
514,861
215,1455
24,1276
1209,1278
202,1107
784,1442
5,310
131,1357
929,1035
83,618
638,1212
756,934
538,1384
366,1285
89,904
60,162
231,779
773,1250
584,1131
393,1315
1316,1440
256,1110
376,727
537,1319
135,1459
756,1487
269,541
13,82
186,641
697,1254
749,899
199,459
954,1367
522,752
301,590
1161,1387
459,1126
465,1464
489,1054
522,1387
524,874
883,1065
703,892
809,1434
267,1374
751,1434
1008,1277
259,885
377,704
920,1333
1264,1422
260,805
159,1005
1034,1491
1322,1402
819,1266
619,913
587,757
874,1447
823,836
322,1341
514,822
544,857
1278,1399
588,1289
643,669
1152,1495
302,857
507,1469
444,1057
25,102
279,1051
483,1404
493,502
629,1045
1257,1406
82,1069
53,1232
271,811
684,1021
840,1288
86,877
217,1254
695,978
565,1423
215,868
580,1274
602,929
447,971
1001,1153
1266,1393
940,1273
448,907
4,353
995,1451
855,878
609,636
410,1019
267,819
149,981
672,1231
85,1213
185,361
434,1147
699,1080
319,437
245,324
729,1329
11,1456
46,864
169,1125
580,1219
606,1411
420,1382
822,1330
13,1004
36,1484
140,1396
586,1249
610,1014
1310,1485
536,896
460,1097
752,990
920,1361
324,1444
890,1342
61,607
559,662
466,1342
575,1471
62,398
219,308
1065,1387
471,1067
298,481
1275,1369
456,1468
430,1182
560,1238
373,767
7,970
470,689
1221,1349
374,1226
344,563
513,1018
69,147
498,911
87,1362
813,1111
313,589
28,1349
206,1492
110,1123
539,1371
722,1291
531,1132
530,850
490,1113
739,754
274,712
370,1132
628,701
1454,1455
68,586
647,1075
145,817
156,1020
313,1137
183,1194
94,686
47,712
281,728
655,1081
622,1473
779,984
491,772
403,468
801,1391
270,961
406,1202
602,1289
26,1425
420,1461
139,582
1391,1400
619,1012
310,773
5,1098
116,123
10,1189
1107,1128
368,1406
268,1383
602,960
106,1229
592,1432
900,1175
60,188
130,1374
469,1235
375,416
620,1289
90,618
208,995
412,1168
390,968
378,701
230,568
299,1213
786,873
656,705
31,476
540,1432
895,1272
76,1167
945,955
175,405
473,638
339,620
442,848
571,710
706,1323
719,777
400,407
259,486
1004,1191
317,361
38,460
754,817
46,1272
295,1132
811,1386
251,1013
1241,1264
540,1091
210,270
1306,1416
589,880
1127,1162
491,1285
691,1067
636,1223
1181,1466
645,839
357,1335
136,940
284,471
390,1426
431,742
254,1071
127,1301
1348,1426
200,1157
426,901
149,860
1019,1131
362,410
185,933
411,433
1197,1449
105,1448
37,89
6,102
122,1193
186,281
42,1478
55,659
371,667
451,515
1204,1224
132,342
254,772
55,210
145,1177
482,1112
568,1193
831,1481
830,1121
705,1179
532,622
4,730
21,1057
115,416
495,883
570,1076
617,1397
342,1215
1150,1493
271,731
211,1031
264,267
738,1137
30,601
1050,1124
1290,1325
856,1355
1220,1466
110,228
485,951
438,779
532,1446
130,682
812,1161
1224,1474
519,537
723,752
723,1220
206,728
699,1120
296,1081
424,674
888,968
60,961
599,687
619,683
173,982
178,227
861,1327
13,619
431,1218
898,981
3,481
486,1054
1159,1182
72,1160
323,890
863,1326
158,313
656,880
294,977
743,1459
555,1325
378,764
33,131
27,1006
148,171
1338,1370
578,1389
689,1388
251,905
788,885
636,1077
729,759
418,959
404,1323
381,869
1071,1180
1081,1145
54,1132
196,642
592,780
548,627
50,1430
248,307
624,862
697,737
226,598
409,755
50,193
381,488
814,896
289,1111
423,1167
185,969
143,1303
49,1043
524,576
549,1099
16,841
987,1468
105,1245
851,1474
184,278
966,1465
284,815
365,830
729,881
197,389
202,973
829,1181
648,1295
651,933
197,950
549,1308
388,1189
762,904
309,1045
87,148
748,1174
308,518
1064,1197
421,960
260,1308
1330,1356
891,1458
706,821
495,866
805,1076
707,713
728,1102
185,403
1076,1469
793,846
1202,1251
417,610
678,779
791,1197
106,1246
593,716
292,740
80,1212
473,1061
281,343
884,1178
384,911
1281,1319
510,821
427,764
560,923
438,746
410,874
654,700
163,958
54,1134
637,1380
4,1190
427,587
59,421
201,1338
782,1242
525,1365
1076,1169
114,320
527,1035
578,1035
857,1131
345,704
210,715
455,536
86,763
1174,1230
1215,1362
645,960
704,1484
248,1329
45,72
674,1298
1077,1157
85,492
643,697
120,1351
79,454
214,333
520,661
776,1167
155,952
613,859
511,1245
51,554
431,1276
464,874
535,1099
193,1086
0,387
878,936
91,336
723,1193
625,799
556,1075
150,737
191,558
137,1368
954,1494
410,1280
370,1496
568,590
454,1394
714,1490
54,976
747,1379
550,1322
869,950
578,924
646,706
1007,1044
110,844
145,187
1085,1431
103,505
418,899
349,530
973,995
1103,1112
421,978
525,1047
157,1135
1275,1429
535,687
208,661
266,1367
1156,1451
25,1485
196,1181
294,541
965,1375
468,1347
783,1016
435,1361
73,845
115,1278
126,854
667,1043
270,787
430,1180
105,1224
878,966
800,1020
543,836
1103,1286
0,645
1265,1460
56,1221
1327,1361
75,1481
225,974
1120,1383
10,412
313,990
507,762
410,833
271,588
1361,1380
274,293
98,597
37,1458
1005,1308
1245,1272
493,891
383,1284
269,876
84,396
1044,1148
209,1199
141,1328
331,1100
666,1090
1286,1491
811,884
686,793
18,1268
940,1424
759,898
500,1244
681,852
395,1019
808,1315
276,1004
1022,1188
327,1185
291,404
946,1039
133,1411
400,522
27,1233
6,1081
610,883
1200,1296
972,1212
868,1369
488,1435
478,597
1041,1415
548,555
573,1475
664,1364
37,879
1104,1376
715,906
736,1021
397,622
668,1246
701,1399
1071,1078
0,429
431,1194
542,1086
600,1106
1133,1482
420,1160
510,560
106,314
737,1043
7,153
32,1392
72,629
981,1296
18,555
582,974
999,1400
761,951
198,734
309,935
842,1107
1025,1286
870,1167
905,1115
944,961
141,930
132,232
227,497
990,1482
771,1482
1112,1333
1338,1473
513,1228
329,1058
400,1135
490,1156
148,1419
777,1438
256,1432
359,1218
673,1369
227,562
895,1182
639,770
512,1027
558,1333
282,483
47,389
903,1013
52,781
1219,1314
630,1162
312,648
433,1495
614,1043
1088,1138
816,1269
136,1337
793,1006
811,864
15,304
1215,1334
669,1323
879,1084
676,909
698,1154
1222,1380
416,1015
363,1156
1058,1495
496,607
365,544
791,1473
567,834
747,957
1067,1231
816,969
292,1090
148,1469
402,1105
207,723
684,1360
25,1109
522,1117
152,400
306,546
1038,1450
468,879
110,563
481,1064
16,1475
460,1365
742,900
475,952
429,588
303,415
564,1071
412,1495
347,1021
549,1225
136,1419
835,1341
672,1247
329,1341
455,1388
626,992
384,844
548,1008
30,74
640,1201
0,1257
142,1376
779,1460
964,1476
929,1010
298,395
810,1135
456,1232
660,1320
660,1057
454,902
376,896
341,1048
229,1333
325,522
313,1091
1076,1213
898,929
572,1080
779,1477
96,909
463,1373
57,462
218,1302
817,1226
998,1273
1129,1307
865,1391
763,1277
186,713
506,795
316,1311
746,1454
959,1220
219,1105
1404,1477
805,1390
563,952
524,574
1154,1188
575,1347
183,1161
200,1320
308,314
367,841
855,1197
169,748
824,853
148,252
689,1362
667,1400
330,993
931,982
185,1476
569,1254
232,600
533,967
491,534
1412,1473
516,1339
407,1294
164,1174
221,1050
452,647
492,649
54,382
512,1480
658,714
25,1366
1013,1464
1115,1482
584,1114
738,1427
299,1118
979,1268
883,931
499,935
160,1409
762,872
1281,1409
79,714
661,754
221,368
23,25
657,1064
500,1454
1010,1481
450,1239
217,278
897,1443
955,1235
309,913
155,341
755,1404
333,580
198,567
153,626
974,1381
1093,1386
472,697
494,1020
193,1415
507,1066
1007,1164
123,465
929,1135
904,1251
836,1301
320,713
846,1326
859,1178
255,1480
1414,1430
298,637
691,1419
1075,1159
255,273
807,1213
38,295
426,1240
227,1472
495,736
1224,1396
1270,1305
940,1112
724,727
88,680
900,1115
889,944
227,1484
775,1371
136,399
270,1314
438,462
358,1026
108,1183
195,1427
532,954
687,808
91,565
559,676
528,1181
829,1185
1223,1385
574,896
416,469
823,1484
264,1379
1013,1150
566,1226
427,1014
625,1439
666,1074
59,453
154,1066
949,1237
30,110
37,923
456,1305
77,1386
1193,1441
284,484
1041,1177
363,1344
74,123
407,446
659,749
395,481
1006,1253
871,939
248,1043
838,1276
888,918
249,944
843,1129
956,1160
767,1298
464,845
205,1088
636,746
936,963
715,1382
698,1074
107,1331
800,1369
73,244
243,833
248,603
612,834
232,284
444,501
539,613
148,1086
708,1365
798,861
7,683
572,677
1062,1257
820,1296
444,1255
911,988
954,1326
444,819
453,1390
276,614
857,925
167,433
1100,1121
704,1245
823,1200
657,951
95,103
23,89
483,1078
1158,1202
436,1325
402,760
49,1421
290,837
374,957
37,383
1078,1129
124,568
1059,1360
713,1490
979,1020
567,823
59,487
556,909
347,618
751,961
207,1489
339,850
869,1378
499,1460
349,1118
250,761
306,647
43,1199
383,1289
1259,1496
704,705
25,413
132,760
277,764
311,1238
1389,1446
16,1114
558,794
997,1023
1268,1484
198,1224
102,249
734,1076
679,1300
223,307
100,321
1037,1260
786,995
731,768
286,1076
150,279
172,400
87,1197
353,759
210,1488
972,1112
39,853
467,885
825,837
268,497
250,634
883,1466
14,453
761,1215
15,604
1103,1328
31,1106
838,1422
447,845
397,442
378,786
712,1014
977,1373
1038,1318
259,951
63,1454
36,289
745,1090
698,744
340,973
527,678
84,745
385,748
169,1124
103,234
1,1131
206,1251
293,718
296,1168
83,594
814,912
1033,1248
89,315
68,281
1114,1237
40,843
247,1319
271,1467
356,1488
89,368
1096,1409
5,1168
1065,1224
25,495
223,1197
93,335
995,1467
1311,1396
60,869
497,945
16,451
74,1456
136,1063
141,696
256,683
254,815
276,940
572,1490
1188,1425
113,368
22,573
603,1277
83,640
513,1435
84,577
1317,1442
144,1446
997,1278
645,1145
537,1323
263,367
355,881
660,1072
1208,1426
389,1317
117,133
438,1286
71,577
226,399
516,1214
413,557
187,1412
817,1463
533,549
569,664
284,731
81,1141
1348,1437
7,293
534,877
527,1148
434,1137
637,868
51,934
746,1157
594,1466
981,1129
438,1033
494,1196
748,1206
400,1486
433,857
83,386
389,1414
312,577
532,587
243,742
603,1242
43,399
264,1084
311,527
923,1151
521,723
143,183
76,1412
365,538
751,1341
503,981
161,1142
158,486
27,177
251,1136
424,882
700,1000
1285,1442
490,830
106,1356
247,1022
442,1053
921,998
780,1456
1031,1288
185,1283
360,1462
219,1202
934,1385
654,1104
751,1087
644,1038
82,1442
279,1497
752,943
32,947
73,1127
4,1163
665,1200
172,1405
104,749
521,534
556,798
382,1393
416,829
247,1154
763,875
483,801
698,747
156,1449
400,1288
113,540
151,1274
651,929
365,598
1026,1052
550,1088
375,1241
502,774
337,969
427,957
343,1442
431,793
286,514
628,708
542,1039
760,1061
399,792
843,1416
165,1324
549,717
31,951
216,1421
651,1176
1003,1368
346,728
142,671
757,1229
515,1397
353,1286
491,559
87,1102
809,1308
920,1409
741,1329
349,788
463,1484
322,952
426,845
50,1473
417,970
1164,1422
1185,1453
417,1458
1084,1297
980,1083
672,1060
1020,1453
863,1015
18,1317
477,1400
246,993
326,534
298,895
312,326
308,885
837,848
837,1028
982,1046
331,1397
452,904
1171,1496
319,1433
274,807
389,686
652,911
98,495
619,1253
42,893
818,1336
793,1176
972,988
334,510
156,327
190,1049
181,885
894,1084
676,804
240,854
1132,1373
1179,1495
425,1446
624,1493
452,637
410,855
29,942
221,372
357,394
553,1179
432,1344
566,1251
441,1437
889,1395
8,1052
1046,1456
18,422
935,1239
1188,1286
471,812
495,981
889,1126
1226,1285
1058,1247
183,185
662,949
1049,1319
81,1286
288,1086
168,1375
474,1221
77,374
360,1176
1202,1349
359,1109
329,1217
451,982
117,1157
87,1161
205,837
1059,1381
414,602
424,1229
244,796
715,825
287,1108
112,1269
119,783
75,180
427,700
367,1227
256,355
151,1286
301,523
651,1063
297,462
297,504
1035,1157
631,1226
43,960
97,1388
1011,1432
257,1178
167,339
169,405
454,548
410,935
352,830
558,1059
390,849
1053,1141
11,945
390,707
419,782
279,1256
182,1153
681,878
890,1410
855,1482
262,969
42,1081
1222,1277
603,900
990,1032
661,1224
341,848
1180,1493
630,1129
679,1298
896,1325
377,1411
136,1074
373,959
507,1426
560,815
554,1323
304,776
183,360
637,1419
1004,1310
562,1388
917,932
609,1212
116,298
1021,1037
550,586
879,1053
342,417
377,385
228,763
656,782
802,1294
137,562
741,1165
1104,1179
104,761
767,831
22,56
878,1052
167,572
512,1236
98,1168
690,1335
109,550
124,1133
460,838
559,1271
294,1312
393,1242
581,1461
306,938
674,1288
515,845
254,1070
96,1275
167,1167
834,1104
137,609
1214,1453
571,794
569,979
205,432
104,996
160,1467
288,548
423,969
1279,1317
1280,1367
668,1477
1062,1208
310,1472
1237,1396
244,645
1164,1393
653,1057
18,335
648,917
867,1289
1253,1305
358,794
712,1156
168,1317
382,715
36,49
1237,1319
1189,1422
1110,1216
1034,1262
123,1024
267,1364
36,414
550,763
417,877
170,1125
605,930
429,841
197,201
432,1154
547,845
550,1219
205,735
948,1305
836,924
159,395
550,1022
99,1154
835,1488
29,1129
172,926
59,279
17,73
861,1194
898,1455
420,798
391,992
182,916
294,1311
700,1390
561,1114
913,1111
683,1321
22,1188
434,534
1094,1487
563,870
224,624
355,944
740,926
207,665
1034,1244
545,1419
649,886
346,762
1035,1269
535,1060
364,481
299,1370
1392,1446
303,828
735,1437
857,1437
469,972
217,420
457,1004
78,430
129,847
993,1199
437,965
1218,1256
130,1422
36,138
929,1232
105,1337
185,1420
536,1278
871,934
232,720
882,1025
407,1025
309,1091
326,1192
507,836
626,651
464,759
295,558
951,969
245,1482
435,1420
32,962
428,1358
629,1312
959,1463
132,402
471,810
756,1048
639,786
129,1088
800,1279
392,1342
1125,1304
694,1013
565,1361
1050,1190
885,1046
12,64
308,973
1184,1341
506,939
90,1119
826,1019
202,575
262,713
188,965
1131,1218
156,359
693,1400
77,1196
953,1433
27,307
145,1015
224,526
65,566
16,1047
1359,1370
22,969
106,522
201,261
1010,1071
948,1009
793,1447
487,505
1053,1414
581,1177
543,1290
24,206
582,628
629,1168
32,770
728,993
182,486
79,208
1072,1426
178,1411
431,808
121,319
993,1271
546,1280
663,1221
1163,1459
987,1133
910,1231
820,1391
171,956
104,562
719,1278
167,552
7,968
735,1442
538,828
149,1116
65,1471
110,1273
791,1357
971,1051
672,1463
212,1380
55,1286
26,821
701,1484
1252,1285
440,1333
607,1077
134,1462
418,1455
418,438
254,1464
316,388
187,1396
239,1119
493,918
1047,1168
224,460
643,1452
444,991
970,1339
645,792
467,1293
689,885
626,710
64,67
60,1108
1049,1385
59,1418
879,1083
368,936
896,903
600,1401
975,1088
225,1038
776,841
861,1119
77,111
491,1150
705,785
186,1472
208,1262
134,894
415,854
193,699
425,430
217,746
290,647
526,1302
65,1020
890,1487
16,1418
438,958
616,627
25,383
39,317
149,802
51,527
264,449
315,1157
146,1353
799,1054
191,1275
631,1213
341,923
156,1308
46,216
441,1481
572,770
279,675
457,575
704,1251
335,609
784,919
1330,1492
208,710
1171,1321
483,1463
238,814
284,949
115,132
528,732
1009,1400
1366,1386
1469,1492
191,1191
534,1148
309,1351
929,1042
902,1392
95,1196
71,301
460,853
20,268
756,934
836,1148
1067,1138
211,689
589,1332
441,775
794,1390
844,1180
804,1382
956,1321
798,1464
239,721
409,413
487,1467
681,1421
899,1483
702,1002
1422,1492
278,1123
632,800
614,830
719,989
356,656
8,982
239,1403
358,858
410,658
427,1049
59,151
103,238
206,1359
47,664
657,912
496,1162
99,702
571,853
124,411
722,1161
1045,1410
655,1249
128,800
464,648
490,710
30,881
429,797
288,1232
592,1293
927,1478
232,388
834,983
252,671
524,893
496,588
1347,1438
683,1367
604,687
31,620
41,326
337,896
760,808
339,574
825,1262
220,690
386,1423
164,1242
82,766
574,1302
682,1038
120,369
758,1268
1092,1452
1246,1483
226,1016
307,1252
205,1246
321,1227
557,1240
368,1218
813,859
876,1402
360,986
582,1490
714,1148
43,904
842,958
284,1489
317,1413
1172,1489
105,880
8,1087
122,571
663,930
387,521
700,1384
918,1457
628,1486
1429,1463
436,1463
685,1038
482,938
172,476
1311,1489
893,1440
709,1385
305,723
261,1043
785,844
473,1346
330,509
1405,1467
576,933
264,1090
1096,1225
1235,1448
34,1233
1108,1356
1162,1437
417,757
1124,1408
122,1332
564,921
940,1061
37,175
743,846
1157,1280
1429,1485
344,698
379,778
38,980
51,917
1047,1090
440,739
701,844
70,123
197,583
468,481
1007,1460
847,1013
596,1070
255,1379
99,233
938,1434
87,501
612,751
666,754
496,560
106,797
1013,1309
594,909
793,1225
1217,1334
174,400
13,450
684,1101
22,205
282,708
951,1164
490,503
798,1255
184,790
979,1020
122,756
281,1234
49,1412
337,674
484,854
28,393
1061,1107
1093,1371
496,659
224,1081
1392,1439
513,1281
1383,1464
112,813
124,1403
67,358
965,1362
1360,1381
51,723
79,1146
978,1453
662,1387
642,1311
314,503
882,1203
1066,1202
234,329
1140,1162
626,632
262,510
380,1363
628,926
468,957
294,1394
301,371
412,1439
918,1397
928,1435
776,1166
447,997
259,983
173,370
1270,1300
1370,1371
469,732
775,1286
525,1379
284,1373
72,477
259,619
516,719
329,652
165,256
1114,1473
466,472
1,1044
117,341
438,565
108,628
410,812
1234,1462
363,1233
1329,1449
679,1320
212,597
410,1376
313,674
615,933
378,992
776,1286
910,1292
418,574
718,748
640,1239
748,992
639,1196
232,1061
181,871
642,1460
1164,1275
316,398
254,910
1186,1201
356,1091
611,1046
39,974
544,696
1308,1359
719,1340
6,1175
820,1049
90,441
331,1273
298,633
821,1496
179,1308
783,1098
202,1497
102,711
626,1424
821,1487
829,1086
527,974
667,674
326,1004
489,1414
144,970
273,1184
1142,1153
183,1378
961,1330
596,1177
216,1205
620,737
315,884
852,1003
88,1271
310,808
24,154
1418,1439
122,1457
163,1232
199,518
331,1250
704,825
196,745
952,1184
510,1439
548,928
736,1326
50,88
71,465
722,1387
217,1075
582,1227
1077,1139
520,1272
35,1339
642,897
946,1267
547,850
223,568
1254,1372
441,1218
772,894
442,1206
1190,1321
871,1270
1220,1428
479,761
983,990
697,1084
400,854
777,1125
433,1141
231,821
389,1031
338,816
0,480
872,1285
820,1490
530,899
1222,1479
286,1244
741,820
852,1144
470,1222
286,646
610,944
752,1443
14,296
728,737
542,814
855,976
184,391
76,1267
53,1068
1008,1169
61,643
64,859
572,1430
207,1236
172,221
1159,1491
875,898
711,936
537,865
443,1288
127,976
175,379
168,652
56,64
1009,1166
549,1483
212,438
569,965
1198,1360
301,330
555,1478
220,1055
997,1280
292,886
336,633
1350,1474
1038,1376
1042,1259
237,335
107,949
301,1215
218,1477
744,1075
816,1037
186,1412
877,1041
1014,1068
482,1486
103,1233
684,803
252,269
91,463
1041,1134
72,897
1046,1243
82,148
939,978
127,791
452,1121
451,707
15,1080
67,716
941,1400
95,413
367,1319
136,616
210,382
180,599
683,865
814,1441
1058,1204
769,974
590,1083
690,1352
428,815
918,1029
631,1344
167,609
125,1188
700,1066
31,1090
1067,1329
97,1215
506,524
772,1308
140,803
223,579
489,1255
288,351
39,404
765,1395
26,244
32,916
848,1135
961,1335
242,931
983,1197
390,1265
48,412
1054,1084
728,1149
329,554
179,205
223,1240
268,959
717,969
1236,1449
556,644
199,614
497,961
360,1363
1017,1448
444,1137
1249,1446
480,721
909,1455
765,1082
37,1082
763,1261
568,741
146,374
156,1126
119,1234
630,1113
116,1442
645,1339
110,1365
315,464
559,1254
436,865
41,1323
1047,1276
887,1201
824,1062
117,1318
81,1085
58,1319
595,681
64,1388
1216,1341
383,605
2,1008
430,1170
179,309
881,1243
272,1048
1036,1455
26,206
1251,1350
302,1251
1225,1414
41,688
1056,1482
747,1214
340,371
447,887
457,1153
60,175
1314,1428
1033,1060
581,753
1138,1471
15,1278
717,1017
1052,1086
385,701
493,1009
118,924
156,408
366,1331
307,984
651,819
559,668
37,91
701,831
1305,1480
787,1206
95,636
449,603
610,1336
193,679
73,1337
763,1471
462,1209
471,835
357,468
859,1199
352,514
805,1022
117,413
164,1334
336,978
796,1210
545,628
317,1262
180,1368
227,1248
46,864
287,1366
924,1291
993,1378
724,1022
644,858
3,422
283,1477
323,421
849,1206
955,1095
363,669
921,1497
300,590
319,1442
280,790
586,817
1196,1422
729,1055
536,556
262,1011
933,940
531,717
243,561
87,1479
494,606
375,1083
272,1100
845,1173
613,929
344,1050
309,1205
817,1469
118,681
27,1003
490,1472
158,513
170,1126
597,776
284,912
759,839
846,980
22,162
498,533
522,1479
916,1194
1024,1382
423,553
401,722
181,1491
331,474
265,1431
192,840
792,964
337,587
602,1248
357,626
518,850
587,1121
354,993
892,930
424,639
433,569
231,1046
1266,1362
18,1221
568,1265
420,865
279,441
104,878
831,1357
299,442
659,1150
747,993
286,1490
1060,1316
187,250
1021,1316
14,1384
807,1145
847,1055
1198,1205
723,1399
330,1042
1483,1491
323,463
223,611
398,1327
17,1199
128,730
752,901
958,1250
1419,1467
1042,1265
127,291
304,1442
233,260
35,1264
538,1022
709,1149
72,378
1032,1139
438,1430
92,1044
719,1412
794,964
906,942
435,1491
62,461
243,850
785,1139
1,1012
748,1057
734,1255
543,564
1152,1362
188,1083
1029,1440
390,1447
673,1090
338,731
621,1396
178,882
85,88
33,609
1360,1457
1185,1446
340,1469
573,938
668,1217
99,787
430,1392
16,356
806,1406
470,528
246,421
1069,1329
222,451
448,1347
82,641
412,1253
1112,1149
302,1130
233,1094
308,1444
208,431
94,1223
666,1445
671,1430
176,865
488,1088
279,1214
3,1344
1214,1345
38,1112
0,501
485,512
590,1269
246,1058
1094,1288
3,63
255,796
234,688
373,643
622,904
226,1263
830,1088
525,1352
480,560
811,1311
1191,1401
185,1365
1009,1169
1270,1279
325,1485
111,812
642,1221
246,1472
374,963
525,1142
961,1360
1095,1109
439,501
592,1278
126,780
164,653
925,978
762,961
752,873
325,1401
409,1246
702,1316
733,1073
680,1014
772,1423
17,192
174,735
255,451
457,1496
599,744
30,772
600,641
408,1178
558,684
1384,1497
1044,1446
703,1335
533,1443
626,1350
207,1121
0,1487
663,1491
995,1168
163,654
1128,1277
265,433
1097,1174
225,619
486,1327
220,805
225,447
352,603
131,1143
11,859
658,797
307,552
511,1270
673,974
772,1006
200,992
599,1223
710,1252
510,779
1039,1321
545,1211
396,1293
601,654
1173,1391
54,1492
911,1107
92,701
77,546
392,507
707,725
523,1229
777,1438
1429,1438
69,866
103,958
1063,1184
276,1188
652,771
832,995
1292,1354
205,475
336,984
226,627
459,628
195,920
546,762
476,610
286,344
603,1257
697,1218
49,299
347,1146
678,826
131,173
98,1096
409,764
310,1063
1115,1193
1328,1429
1086,1489
120,700
654,1226
1100,1491
379,402
85,1443
231,669
27,642
65,280
1036,1206
1061,1156
1193,1202
387,559
234,728
717,962
145,774
565,1484
563,1319
523,929
297,846
392,1340
333,1398
59,468
1141,1215
747,996
517,1406
1166,1305
257,823
442,991
117,1266
227,730
508,751
261,370
359,616
212,400
381,575
342,1384
43,374
892,1001
479,878
736,1098
916,1081
119,1392
593,1488
266,288
441,1282
1123,1269
451,1268
75,1484
562,910
695,1225
411,852
166,1193
389,1178
943,1153
151,667
149,918
391,659
279,1211
351,735
276,657
879,1410
85,570
486,1307
788,1133
101,134
46,560
925,1180
644,1067
395,1189
300,1109
38,307
74,420
245,1389
396,575
95,1321
389,1312
405,923
793,813
456,911
14,395
1113,1264
211,1332
241,264
811,1381
1109,1147
910,1378
429,1198
942,1341
1142,1155
779,1184
75,572
33,834
1022,1419
247,834
70,169
600,654
292,1343
677,1378
167,441
788,1327
188,777
11,410
888,961
99,525
48,819
241,290
464,573
276,696
37,63
60,329
565,767
221,1289
327,1407
267,936
356,1044
29,273
649,1300
1115,1155
335,1373
376,868
1313,1322
185,1201
716,907
483,1052
1131,1368
772,993
560,882
345,1058
535,607
195,1011
872,1090
246,718
734,1368
224,1443
584,750
637,1119
910,1214
1122,1434
222,626
633,1089
541,723
179,738
72,189
198,790
660,732
725,1148
166,984
1232,1278
192,851
276,545
1099,1109
253,493
1105,1453
194,716
306,643
167,898
413,722
507,1313
318,1032
683,1146
543,918
559,1075
669,1220
72,1147
71,704
732,1151
527,1481
1045,1102
1271,1275
291,1332
176,879
706,734
1219,1430
816,1430
461,1016
322,1343
919,1381
388,813
33,1226
874,1076
321,568
419,1090
640,956
719,1108
625,961
392,1423
132,1497
197,665
262,994
254,868
272,886
703,901
464,531
1115,1493
22,1399
573,637
70,320
1023,1338
235,709
114,1321
663,904
737,1192
3,101
273,1181
129,575
187,1104
1146,1347
650,1086
536,987
325,626
24,669
329,1022
345,1493
225,1360
90,717
336,1278
323,1438
129,1176
722,752
53,895
450,842
297,469
420,637
442,1448
726,1262
662,1447
352,1207
72,448
697,1216
521,1325
129,749
279,1257
238,611
616,1157
586,1237
108,1454
329,1245
306,1367
957,1044
144,314
28,1492
251,387
883,924
361,386
399,1306
207,1111
313,855
839,1457
177,1474
98,632
1032,1495
185,1097
101,1253
944,1278
1398,1439
5,707
234,835
943,1488
1129,1402
428,456
662,1415
220,905
106,1314
95,276
280,752
157,591
244,858
722,1449
158,1270
9,289
1058,1083
265,1290
788,1486
337,540
10,911
61,342
8,751
1077,1250
75,340
778,870
775,977
396,540
704,1133
641,1136
1147,1216
556,600
207,1365
166,989
118,881
1175,1279
320,1187
398,1274
500,1195
206,1152
363,1302
855,1083
48,1283
323,654
519,530
537,1383
64,137
684,927
228,314
18,492
180,1346
174,611
66,518
111,1058
320,1196
573,1159
394,934
1107,1355
136,1229
222,844
126,1011
1136,1419
461,1334
246,1172
157,480
14,661
19,1219
281,828
289,581
238,971
703,716
251,1469
1143,1319
429,1140
17,99
191,605
68,1201
523,1368
891,1084
1122,1282
36,359
604,1068
21,925
1117,1201
930,1482
221,1270
1168,1418
803,1396
485,948
619,1293
297,746
803,1040
528,930
226,1495
637,641
417,837
386,1146
145,239
323,688
1026,1138
176,1281
398,552
568,1148
13,189
395,945
859,1375
840,1470
186,428
231,710
219,312
284,1079
343,1434
1236,1371
91,1126
749,834
772,787
40,820
97,367
1256,1381
266,727
282,699
274,1367
141,223
423,523
634,1037
418,1363
515,1101
33,1408
602,896
22,507
237,1350
637,1490
174,259
513,654
179,1354
1233,1241
1120,1176
261,1018
648,1269
199,1363
440,1391
657,1289
223,1337
557,1373
1072,1450
592,1074
257,674
328,961
823,1395
746,874
360,850
87,500
1155,1447
291,725
733,1385
662,1473
694,1457
1087,1090
398,1328
699,1451
500,1209
727,1246
1053,1431
486,994
710,816
1284,1328
653,1209
488,706
849,893
587,770
1310,1399
919,960
356,1464
979,1382
47,1224
1307,1359
277,675
238,751
8,1148
141,212
523,1128
737,879
591,1323
594,621
291,921
167,815
900,1307
1120,1283
424,1226
550,923
239,1266
55,1100
684,1437
421,1432
1310,1492
625,696
150,519
398,502
988,1185
177,361
45,943
124,628
888,1252
1345,1449
1026,1037
85,1078
124,1123
1186,1326
345,986
930,1166
777,1025
149,1453
583,1072
949,1366
27,1315
151,1449
878,1317
402,1038
671,899
328,1081
412,612
189,361
11,427
142,1489
636,943
57,797
113,1137
324,616
841,1285
903,1091
675,1339
739,896
336,1086
244,908
960,1092
1170,1217
859,1336
128,659
235,1311
219,687
455,1497
914,1223
509,750
161,163
1052,1197
379,1089
559,986
149,166
760,1063
278,594
560,819
591,854
447,1297
178,750
1260,1371
867,1155
149,1342
727,852
502,972
156,909
792,1437
518,1478
378,1134
346,483
260,1452
338,1260
972,996
22,1319
967,1054
249,395
375,979
1179,1472
1144,1359
212,676
277,664
206,1323
174,1046
752,1179
312,597
223,936
478,536
85,339
641,1147
371,1129
527,957
28,1101
833,1030
345,1029
451,1200
230,1335
491,1234
1111,1338
11,140
375,1010
122,965
263,1487
806,1411
76,1261
114,429
470,1380
431,1359
1159,1307
1144,1289
427,955
1210,1298
287,1179
996,1422
317,1155
341,1154
481,590
766,846
724,1079
743,1185
773,1030
204,215
1000,1492
153,863
109,1367
341,1333
972,1099
63,1169
407,1158
615,1361
51,475
484,591
979,1170
219,698
568,923
124,890
187,241
50,1168
82,208
283,1333
123,1194
615,1203
1225,1292
552,1171
140,727
136,1398
588,688
80,154
1290,1419
577,789
113,969
464,838
104,1264
248,714
54,1205
336,1146
692,1378
1230,1275
321,878
706,1071
827,863
158,834
508,1073
830,1378
601,910
538,822
108,1449
53,1134
1160,1374
205,248
211,1034
310,587
941,1224
24,1317
32,98
91,1457
114,1162
79,643
67,962
570,943
814,885
834,1226
1083,1218
367,875
816,884
817,1493
416,684
380,1197
558,960
976,1111
6,1442
533,718
20,590
506,1006
380,1070
318,556
151,1170
421,1050
57,1411
758,921
478,958
237,1099
124,909
306,1303
492,1072
202,1329
169,1252
383,651
185,1441
1043,1287
953,1105
1120,1244
52,536
402,740
509,518
242,404
4,1362
1317,1358
1029,1394
907,930
973,1495
975,1374
536,696
1056,1497
377,1246
771,1125
573,595
1261,1341
40,606
846,1318
614,969
357,592
170,710
352,1216
601,880
171,1422
607,642
469,930
356,810
1174,1375
176,1433
862,977
543,663
1149,1460
444,1124
180,302
88,380
209,449
1038,1107
685,1064
780,979
548,1375
1389,1467
195,421
139,508
233,441
156,642
604,1370
474,1122
737,1286
211,567
626,994
79,1469
131,1193
696,929
306,1317
1264,1411
460,733
282,815
625,1212
79,839
734,1182
173,1484
420,920
838,924
1076,1205
154,372
446,947
144,1257
366,845
630,872
483,743
668,1402
149,958
602,1051
559,1231
362,1056
1203,1349
1199,1421
117,1131
460,1416
338,388
769,963
525,1006
1287,1305
199,285
621,1075
216,1386
368,1357
215,662
23,700
550,1006
169,1428
1197,1438
1365,1376
1035,1394
272,1402
1103,1319
381,573
949,1242
685,909
863,1132
254,1432
1250,1304
322,509
656,1261
15,402
122,439
422,1452
742,959
355,1335
425,521
591,1134
875,903
97,720
657,1026
756,1445
171,1363
528,1178
108,337
115,1424
1383,1470
497,1373
514,899
349,708
190,1286
995,1445
774,821
763,1085
831,1486
340,377
723,1138
0,447
811,1302
185,780
678,1085
1063,1165
77,850
392,515
1056,1366
631,992
992,1321
909,1214
866,1017
718,925
748,1101
29,536
1051,1360
548,1435
889,1274
601,1477
406,1175
687,1479
237,1162
3,1475
424,1339
56,572
2,799
861,1072
251,667
454,567
18,1204
507,705
161,542
330,374
1266,1418
233,612
1178,1404
596,1139
1219,1308
1147,1414
1018,1438
939,1104
970,1069
117,1048
160,304
561,842
277,721
1131,1324
321,506
623,1458
1268,1460
330,877
960,1460
420,808
1411,1428
770,1160
944,1056
460,966
413,436
563,699
1368,1496
1166,1193
297,987
440,878
452,597
108,533
1012,1264
238,691
885,1034
780,1232
740,1301
15,974
140,416
518,541
234,1295
419,764
685,1286
44,333
230,251
531,1389
364,1438
738,764
154,780
1073,1132
21,408
218,1118
1217,1264
380,681
267,1203
218,768
229,887
438,444
121,792
1214,1343
488,1060
309,1323
714,960
164,1052
908,950
165,1307
573,1131
164,752
108,755
1398,1467
681,921
829,1313
1001,1368
549,1364
429,1009
259,590
341,914
199,1238
285,663
309,412
514,781
1110,1424
1234,1457
92,482
331,510
977,1446
731,1325
419,1406
486,554
857,1369
209,1243
138,248
170,453
21,187
94,424
193,687
125,307
38,280
298,857
895,1151
1204,1366
53,1251
588,1187
837,1341
85,1259
128,183
426,734
389,764
720,1021
321,788
161,1222
1104,1271
376,783
714,1168
458,1344
245,739
1292,1313
119,395
23,570
957,1248
79,715
1251,1371
580,1311
1155,1436
101,162
209,1090
36,401
1345,1361
776,1031
204,1461
797,1108
136,1473
38,451
1126,1332
123,1011
238,458
492,753
415,828
501,1166
267,1457
118,1062
149,1445
378,1127
274,695
87,1387
586,1160
240,1216
620,1322
829,1376
1262,1285
536,746
1129,1171
557,580
1005,1351
126,162
701,824
1083,1463
691,891
351,729
409,809
960,975
47,1033
449,1093
65,1422
590,800
423,1225
807,1212
102,943
1233,1249
13,1023
864,1165
760,1314
640,1177
630,963
115,781
748,1030
269,678
573,1017
347,1177
9,47
277,1447
398,678
670,1118
246,729
419,1062
390,861
293,301
356,1473
848,928
669,1146
293,457
205,359
910,1405
143,1393
799,1206
517,760
336,462
1180,1248
992,1200
89,350
282,627
725,817
707,1422
55,1093
81,82
12,511
99,1454
149,1061
117,962
1144,1192
334,610
814,1263
410,729
109,325
1153,1225
145,1282
365,1050
149,550
347,972
201,739
202,1349
102,1207
490,1015
285,725
199,222
757,1194
81,791
728,898
62,191
187,960
876,1162
299,507
308,1036
637,1390
324,471
740,1147
503,740
855,968
787,806
785,1101
480,1463
776,1083
228,1389
30,705
1234,1405
487,880
226,950
24,1291
395,1148
852,1411
772,978
452,1352
282,1174
218,406
1140,1405
1188,1389
788,954
41,1474
779,1126
385,723
121,435
338,1289
652,1196
148,1219
982,1476
1466,1476
829,1338
380,569
494,1083
216,969
50,1407
388,451
741,818
1185,1464
633,1231
1089,1445
237,1329
749,1167
117,267
829,840
278,1488
496,843
10,150
138,849
926,1279
368,398
457,798
173,273
419,1307
535,1443
169,429
9,719
657,1234
372,1190
136,410
556,1447
252,1187
1276,1348
252,1103
666,796
534,738
556,1445
755,955
723,1467
1190,1315
89,1439
414,1069
337,547
367,1163
758,1267
568,1116
9,1487
246,616
532,758
820,1373
49,906
778,1306
619,1237
383,1290
645,1453
406,697
116,436
218,1409
1118,1187
457,772
564,578
2,1203
934,1184
24,463
63,1393
387,847
151,1481
265,445
46,511
1037,1088
354,367
1379,1393
119,510
1112,1435
624,692
534,584
952,1039
15,783
89,464
1066,1257
662,796
318,971
1319,1347
153,975
287,1276
450,695
59,237
254,313
793,1024
285,800
253,967
61,1349
900,1201
287,742
339,914
108,273
731,1129
946,1431
175,197
60,721
389,1428
92,1398
824,1309
424,525
182,719
381,578
274,1294
0,687
1197,1202
302,1493
66,590
392,1355
108,965
393,394
1373,1376
406,986
363,1488
636,656
210,306
523,1030
792,1404
275,1175
411,892
275,379
202,1359
381,1167
119,503
955,957
490,527
38,92
264,627
962,1348
835,999
103,219
829,1414
105,772
1240,1412
63,941
127,499
651,1326
49,389
174,835
483,1496
794,1202
1184,1495
75,432
1382,1479
527,901
1288,1403
90,940
728,734
451,1064
317,1424
303,554
1094,1171
102,684
540,968
33,1379
823,1426
298,1484
505,1165
93,669
144,1292
856,1107
336,935
92,442
100,1273
138,667
172,1425
60,1174
984,1421
852,1400
658,1311
365,553
237,1247
234,789
277,1209
468,1249
1164,1485
315,1250
341,453
154,633
645,931
1030,1444
137,280
24,1392
726,728
1044,1364
15,696
842,1418
460,1190
823,989
807,1008
348,350
1207,1360
120,1362
733,1446
252,616
438,1028
40,1240
167,382
33,129
1140,1392
160,481
982,1486
978,985
199,511
837,1022
157,1239
288,349
266,459
773,800
193,1293
1350,1477
57,469
1062,1344
490,751
89,925
348,458
788,1218
491,774
257,375
626,1106
1157,1171
476,769
377,1218
592,799
227,264
512,1079
817,1247
322,1194
299,951
109,320
1036,1127
580,693
275,508
993,1411
504,963
329,1195
548,960
387,1063
937,1257
234,1151
616,1448
399,734
283,852
500,891
958,1026
911,945
699,775
35,156
77,969
129,509
614,1049
605,835
1031,1390
151,1093
724,1281
1217,1369
87,1488
1109,1135
40,1420
907,946
1043,1132
122,391
459,1073
60,743
1141,1156
546,1122
50,1265
743,1289
773,1078
747,1136
86,515
465,653
37,1149
137,387
400,1193
668,1401
1016,1032
65,404
1025,1168
772,1011
360,533
1000,1068
577,957
1326,1437
1220,1295
627,913
209,952
875,1147
222,294
1078,1393
778,1400
273,405
458,781
462,1045
467,1387
194,569
478,490
796,1270
52,878
195,469
562,892
1265,1381
8,477
897,1360
456,904
1207,1357
456,637
1302,1486
99,1248
913,1033
749,1347
751,1259
1263,1385
594,695
574,1076
68,1386
544,554
403,1289
324,497
489,1163
809,1064
54,785
396,1294
561,1033
969,1168
197,710
290,696
620,1217
1028,1121
303,773
1003,1392
889,1101
72,972
452,574
43,919
334,484
340,598
288,761
5,1240
153,569
126,536
1207,1321
457,471
79,1360
455,543
533,1169
1238,1393
308,987
306,1036
301,705
729,894
461,1369
742,1170
526,644
177,1203
21,386
619,1234
516,736
750,752
715,1018
100,329
1122,1326
1190,1478
1283,1319
1206,1299
635,1456
366,1464
819,1041
442,1005
611,725
771,954
733,767
651,1075
172,681
510,1279
334,415
421,1253
575,1131
15,429
275,452
1021,1416
251,1157
316,889
1268,1368
669,1159
185,907
272,726
178,694
410,723
950,1062
289,1186
28,1226
1241,1369
582,1142
609,1100
1082,1285
826,1275
810,1112
536,688
953,1468
298,515
590,728
347,1443
1091,1460
214,1439
202,747
435,1213
793,989
735,989
870,1313
80,1067
184,801
1082,1437
1174,1497
254,809
364,837
1375,1451
432,800
140,559
57,1220
296,661
1135,1483
365,1333
700,749
664,1296
285,804
86,1437
1385,1492
594,1118
241,713
16,88
659,958
63,603
166,556
523,988
710,1321
315,836
663,803
257,470
130,551
0,1437
261,1352
879,1147
428,985
878,935
944,1214
800,870
294,1305
1084,1300
359,1037
529,1048
978,1054
574,677
305,957
135,539
486,951
200,216
199,910
269,897
57,544
1299,1467
385,753
420,807
66,1115
1206,1399
521,588
426,686
156,246
290,770
552,1327
538,1208
582,587
574,1428
162,384
251,1164
228,1366
334,467
1373,1415
674,788
10,257
576,853
926,1481
644,833
944,1125
1303,1416
388,1239
123,1149
1474,1478
1044,1242
824,1455
197,468
87,977
461,752
807,1369
406,990
1314,1349
1219,1450
243,1156
214,818
582,953
786,1235
497,760
1011,1102
309,600
1219,1432
465,823
389,578
65,1183
848,1464
344,466
154,1059
246,1160
728,967
133,770
837,1485
1285,1365
738,1104
940,1137
151,228
992,1048
218,1260
687,745
802,1364
103,1171
686,840
150,415
663,1350
8,318
932,1495
219,736
425,1279
301,431
651,950
225,1212
336,402
307,800
312,1101
544,655
818,1066
693,844
234,1161
550,1234
303,447
630,1085
491,1403
484,902
723,946
899,1297
85,1019
844,881
983,1438
1196,1461
165,899
1340,1444
390,552
455,1212
205,1373
640,983
253,756
119,1135
578,832
379,750
704,929
535,588
613,831
607,1267
601,1307
74,1259
440,1390
544,889
1062,1246
644,1047
199,1488
764,1059
886,1113
691,1044
420,1055
865,1108
99,448
734,1441
1151,1452
30,929
328,1036
446,774
73,576
1214,1228
56,548
578,1067
981,1036
168,405
216,399
530,883
241,1293
409,1107
247,1445
305,1447
879,901
227,703
1290,1315
1128,1480
601,1246
766,1271
284,821
280,872
785,987
1152,1237
512,885
913,1270
818,1083
1245,1371
49,319
819,1181
622,795
655,731
577,742
231,1014
424,810
644,835
514,839
808,1252
817,826
81,152
769,779
108,593
571,1497
1270,1381
771,813
323,932
345,1224
30,132
272,730
236,1399
303,1032
316,1496
763,1104
320,623
848,960
327,1244
726,861
416,976
515,1091
806,1193
256,740
334,1270
2,996
289,860
817,1118
367,1113
146,1017
467,1230
186,1021
407,1362
107,823
531,771
750,1249
138,290
252,982
211,867
175,1475
894,1236
403,897
328,435
563,820
46,363
680,698
844,1416
679,835
543,1191
1215,1457
433,1439
1178,1312
611,1392
537,835
375,1043
880,1343
450,1333
241,384
2,1344
581,857
540,1197
1033,1265
778,1393
471,986
830,1450
337,1119
958,1050
459,1299
15,1435
2,757
238,757
477,793
1053,1060
551,668
72,1074
167,555
826,1253
1004,1383
398,1085
406,1371
48,537
150,338
150,1354
1189,1207
812,1081
268,1346
1024,1183
150,715
101,1065
212,1242
115,249
726,1321
296,1301
1168,1285
827,1162
114,346
796,1369
726,813
277,1317
307,640
1093,1364
4,952
942,1446
28,862
389,1309
35,961
7,1114
707,1126
215,727
938,1111
1162,1357
246,595
453,863
13,435
386,404
951,1373
14,175
339,386
175,828
259,722
3,317
354,424
63,749
108,1307
321,750
477,757
373,1476
400,681
266,324
1116,1389
784,1340
669,670
262,287
671,1162
509,967
1152,1338
234,1246
82,1203
106,842
345,655
77,1229
378,910
805,1000
355,867
650,840
573,937
302,682
650,743
536,1042
38,85
15,1071
752,921
622,1093
1058,1111
742,1378
561,829
864,1010
356,595
643,880
13,572
480,1199
31,671
210,1015
943,952
620,1043
275,890
243,1379
40,144
587,951
874,1104
76,162
461,1492
357,1280
329,354
718,770
564,927
265,1152
301,1162
874,1137
433,581
280,1181
152,166
819,1338
1437,1452
249,795
98,339
209,1082
1130,1358
1088,1097
336,1223
1023,1315
232,1478
679,1050
440,747
276,917
396,1182
397,1143
912,956
638,834
823,909
373,860
945,1493
210,1250
1377,1450
190,744
504,1124
1040,1431
637,1479
382,676
1247,1338
474,1448
55,691
253,1094
95,1443
925,990
572,928
1294,1353
1069,1238
368,1165
329,734
79,272
341,1312
135,892
1070,1264
718,1389
255,753
772,1107
619,662
650,1403
706,1031
823,1079
44,172
821,1470
1113,1125
595,1291
328,1144
854,1034
307,1080
353,491
289,372
323,1075
399,745
284,739
1011,1404
459,1181
61,471
340,741
3,5
539,821
1056,1382
545,1269
124,226
90,260
706,1334
309,407
476,845
179,776
326,1085
844,1040
437,452
636,1313
415,1327
1226,1235
198,608
337,1021
838,1026
409,1232
371,408
912,1312
252,901
659,1355
563,947
639,1104
276,1218
70,158
125,1233
800,831
233,1054
129,1385
320,1030
942,1050
117,1155
608,1106
282,764
597,1150
401,1473
100,867
52,1074
113,1414
105,1208
1137,1435
1072,1258
519,977
648,863
272,325
423,937
224,1096
215,658
227,1010
821,857
264,416
1067,1331
429,1114
469,1299
847,1326
959,1286
500,961
175,1293
340,1077
60,1333
148,493
518,1489
282,343
132,762
703,1367
3,1368
257,1092
316,950
60,412
581,919
1415,1436
915,1293
1170,1442
251,1157
1180,1387
760,790
429,590
177,959
18,1028
779,1236
272,795
708,1023
483,913
8,182
1043,1306
10,382
814,1086
82,396
538,1362
243,644
272,932
289,1436
480,683
694,1255
515,722
132,747
1444,1459
1244,1353
353,1268
515,1151
483,580
222,1244
601,1486
346,1380
140,1378
638,870
493,886
276,1249
12,381
779,940
407,956
434,1158
760,1163
52,1286
787,1427
928,995
237,1198
820,1180
115,886
1292,1427
151,334
324,437
564,694
680,898
645,679
110,483
249,1139
567,1207
88,1469
264,930
513,1238
180,804
194,1054
568,1317
421,862
84,1278
224,1132
1278,1284
118,1424
270,1067
218,499
898,1419
196,753
702,1452
194,744
375,1057
313,981
1226,1264
391,1339
50,730
159,756
511,582
73,298
750,1188
917,1156
1093,1395
743,1103
38,944
1282,1372
304,429
354,1187
1184,1479
147,1044
59,1478
457,1332
240,1135
398,1002
203,627
752,1390
971,1200
637,778
271,661
8,1234
686,723
893,1484
680,716
795,1199
548,956
175,1030
425,1346
49,69
839,865
838,982
173,572
679,1406
1239,1405
190,1299
191,1339
737,1065
76,663
40,773
162,928
759,1342
55,684
25,1447
523,1091
431,1485
5,1006
704,1366
2,1411
547,1224
1218,1269
461,1465
755,1434
121,505
1246,1421
614,1098
858,1017
385,1036
510,838
218,1096
56,1084
372,906
449,773
319,888
383,1445
692,1428
136,899
437,1113
144,184
512,969
122,962
1186,1293
679,929
241,1127
1002,1065
224,892
647,689
82,1011
920,1455
1452,1453
391,1230
178,1164
289,709
108,119
108,1072
1183,1365
84,1214
115,1215
138,941
423,1256
701,728
51,1400
385,922
58,301
51,97
443,471
516,1310
1318,1415
1277,1393
233,851
301,1426
471,1058
146,1483
630,781
936,1136
246,1289
1144,1243
656,1395
375,909
1326,1450
294,829
772,1440
205,1082
509,1193
99,818
219,329
336,816
863,1092
1252,1418
901,1290
1035,1258
795,1349
505,1142
465,864
977,1086
610,1202
371,1317
68,1333
626,1132
23,203
19,161
287,1086
1087,1162
849,1359
509,1369
778,844
741,904
331,705
105,1236
320,903
244,1143
379,392
609,1018
790,1125
526,843
651,869
159,367
1074,1383
962,983
358,977
539,1054
159,1424
55,119
269,1134
420,779
1016,1064
787,1219
211,267
362,512
495,742
364,402
507,545
184,982
855,1221
706,1465
520,1020
1132,1437
404,1064
233,1474
8,663
1257,1440
29,858
737,1169
654,795
426,473
67,409
977,1269
827,1153
917,1108
290,917
1186,1226
216,1127
762,1101
257,780
400,825
205,481
602,823
400,833
1271,1350
836,887
1041,1138
199,1276
764,1412
882,1136
720,1244
1160,1315
220,394
677,687
217,708
350,968
830,1286
243,550
819,973
71,268
23,220
883,1385
416,558
965,1198
1033,1164
1043,1241
356,1078
195,322
1117,1332
50,608
996,1209
77,436
872,1104
460,1386
239,1410
26,1137
695,1438
744,1248
323,1225
361,1338
775,996
379,844
1,753
1265,1357
1200,1387
198,1010
745,856
474,973
945,1229
459,566
1104,1335
602,726
853,1321
125,988
203,1067
566,923
1,680
585,1127
723,986
279,895
796,1021
1066,1262
686,1406
177,1056
188,1202
968,1324
240,954
128,740
1018,1202
921,962
622,1485
231,747
908,934
588,1008
137,751
860,1283
169,977
489,949
1178,1485
159,298
294,807
347,1265
684,766
295,838
678,874
887,1379
870,992
1082,1404
80,1381
1042,1069
104,1305
226,814
518,1266
246,587
876,988
486,671
195,1370
1017,1385
516,1280
284,1241
704,1092
531,1062
346,666
452,1408
312,359
101,1268
8,411
669,1209
770,945
244,917
529,1282
119,1434
703,1295
87,207
24,243
835,985
414,1387
183,380
176,977
3,75
1261,1294
1131,1223
1250,1382
233,403
578,830
42,369
913,1325
379,1054
150,1409
352,597
490,547
567,611
1151,1447
41,1288
959,1302
1082,1483
388,1294
524,532
392,1378
1228,1478
145,1162
592,773
545,601
190,904
935,1301
463,1438
739,842
1283,1397
921,1110
715,1489
1152,1217
1253,1463
31,470
708,991
406,695
216,741
642,1171
544,1168
555,1423
774,878
889,1339
114,736
816,853
976,1467
704,1413
310,974
863,1061
803,1435
624,1146
1470,1484
479,1338
512,1450
260,620
12,403
316,1491
283,1077
470,1266
60,219
109,1275
1182,1191
842,921
207,1049
370,1071
2,185
381,686
457,1055
278,1078
205,456
172,1429
786,1481
63,177
329,966
155,1094
70,552
943,1144
898,1303
121,760
13,103
670,690
220,1052
1063,1442
166,1475
157,757
284,664
361,479
1176,1447
539,540
779,1042
394,828
6,1299
189,994
597,775
840,962
929,1398
1130,1329
733,772
147,1454
6,276
713,1463
695,1470
141,983
1009,1384
140,515
714,1103
275,625
118,804
525,1352
670,1407
347,1152
632,886
464,960
995,1144
37,766
1337,1422
158,1324
281,701
59,189
336,1306
21,786
358,1088
95,134
704,1055
703,748
137,1393
459,1406
23,971
555,1331
1343,1462
297,352
198,1464
685,1246
723,929
955,1142
396,612
425,773
631,804
967,1196
289,838
160,628
362,709
1427,1448
651,918
260,644
733,888
1054,1185
32,738
1043,1147
11,1237
330,909
275,1338
1080,1248
1100,1445
464,1131
368,591
118,661
312,699
14,1057
550,1003
274,1418
578,980
214,1030
1176,1313
112,1375
1216,1380
126,1093
975,1326
753,770
729,1413
1096,1230
967,1410
290,519
450,491
629,883
275,1338
211,1358
156,580
221,1186
135,184
77,843
647,711
140,809
297,702
247,262
326,360
956,1066
61,571
91,1099
1152,1175
365,403
448,961
971,1195
512,1037
1145,1174
833,1108
221,1324
1005,1191
17,39
15,1189
796,1475
135,1050
259,1157
862,1075
1029,1459
41,1435
126,1383
1323,1335
314,1324
643,1077
575,971
710,982
65,1177
218,538
570,825
537,1030
193,592
804,890
141,1294
203,287
255,1096
485,847
764,1229
428,1349
1200,1372
489,1345
544,599
582,746
1027,1118
57,468
194,734
171,1013
1,674
76,1360
45,573
423,1299
37,795
141,1302
389,1484
60,697
871,1356
182,1436
827,1139
986,1303
640,1393
553,681
717,1135
324,781
91,1125
437,1354
426,646
173,253
900,1397
816,929
450,1332
686,1366
159,1087
224,1228
620,665
139,1496
560,913
508,642
617,1350
1022,1115
678,1051
1096,1238
656,822
488,1273
1114,1249
890,1242
787,1398
71,412
308,1432
660,970
603,795
920,1050
140,646
1011,1169
1085,1307
175,1268
1308,1457
254,861
324,372
309,629
305,874
1148,1238
78,416
312,1296
589,1452
482,1218
466,1352
834,907
652,1072
536,664
380,729
51,153
241,1276
435,701
886,1028
472,646
49,786
121,230
308,1122
54,317
28,693
1051,1053
529,1373
965,1290
220,426
182,200
90,412
198,476
931,1419
320,443
3,126
1012,1494
361,435
28,287
296,569
81,736
480,866
610,1397
1028,1089
668,933
667,693
960,1069
126,1334
284,303
574,1430
247,929
673,1259
661,1254
749,856
190,1054
1140,1344
729,1380
247,397
90,446
465,487
1414,1423
1201,1390
1136,1360
1045,1470
426,1212
1302,1466
214,356
22,427
914,1017
628,1360
279,655
576,1438
326,1283
158,942
217,335
1027,1108
632,1346
562,927
339,679
838,1124
279,962
747,1000
162,847
1274,1329
505,988
130,893
427,1404
108,511
977,1195
611,1463
210,384
519,1273
356,1149
505,1030
1291,1469
868,994
248,598
565,1000
675,1177
773,1295
698,1100
160,761
663,1386
420,1171
77,238
271,917
1327,1412
94,1327
373,761
399,1302
273,492
659,1022
945,1281
485,1242
108,963
618,643
216,868
207,390
741,1130
74,1490
739,903
178,1224
357,472
343,1320
394,1317
319,569
668,838
132,1240
561,642
804,872
625,1229
1051,1206
205,422
79,1495
300,1027
117,1136
266,883
766,1249
46,1444
370,731
80,229
452,1092
213,1140
122,932
1129,1228
135,931
663,1384
194,742
92,1276
295,957
669,1353
1253,1483
226,1133
154,1372
142,1240
529,745
68,137
834,1370
290,709
429,1160
37,711
1214,1449
431,752
277,410
265,836
383,1403
400,482
920,1367
239,1265
150,258
209,1255
1010,1189
72,155
647,1432
360,918
984,1185
1177,1429
224,292
715,1464
494,593
482,1068
210,582
41,161
459,836
105,963
63,750
1183,1344
541,1019
654,1167
1183,1231
314,510
864,939
543,574
96,798
293,951
371,462
63,925
561,1459
508,1039
841,1129
136,1236
180,1221
89,166
75,675
625,1452
990,1227
520,522
425,457
1181,1423
1031,1349
160,233
1113,1189
845,1239
173,525
20,1019
85,819
1037,1334
351,927
23,761
501,1147
397,1490
530,1452
1267,1270
453,862
445,786
820,1141
61,200
4,403
547,566
89,523
131,461
179,582
500,800
720,814
326,553
710,761
701,1025
1058,1478
896,994
1390,1417
435,951
246,671
693,839
82,145
232,685
572,1190
154,1163
1320,1443
360,1235
701,1255
1255,1324
11,250
162,1416
622,847
202,1127
334,812
9,266
453,1086
620,999
206,1310
1106,1264
162,535
206,771
791,1470
950,1332
466,528
425,1183
391,556
1460,1474
82,1228
176,910
244,1269
118,1464
195,399
350,1289
505,837
349,1179
576,1264
729,994
929,1119
239,767
4,452
874,1380
116,231
116,1493
318,1128
493,816
127,930
569,1363
543,982
281,782
841,1484
439,768
1296,1415
644,874
215,614
606,1428
524,724
114,703
1359,1408
164,656
389,1101
124,1247
654,899
798,1077
119,1104
88,191
755,912
350,837
608,949
853,1353
1057,1452
683,1412
441,660
61,1387
247,589
107,1437
187,743
769,1081
284,1207
61,657
1016,1279
1350,1411
8,1347
524,750
216,392
932,972
473,744
427,1390
354,1111
648,1063
849,868
1048,1256
132,224
781,869
551,1156
366,1416
1000,1266
191,201
186,886
1351,1455
836,1142
1116,1310
983,1223
451,1219
404,1357
1068,1322
224,1216
388,720
785,1209
932,1045
256,294
455,1274
486,1302
335,819
524,700
56,1007
947,1046
260,487
948,1367
117,1314
885,1032
857,1400
17,697
1249,1330
420,1286
4,537
672,858
508,587
35,129
140,933
202,1466
115,1305
772,1020
165,765
680,1438
521,1237
807,1141
1275,1440
890,905
285,514
548,786
224,804
206,1420
345,440
1281,1391
582,1320
499,1076
799,934
500,989
604,658
388,664
617,1115
138,1399
112,543
56,784
606,1397
577,1478
429,505
82,868
118,993
734,1387
1013,1181
301,1340
272,1306
604,1238
781,1084
13,1454
357,1053
621,1418
551,1069
484,1313
386,627
1067,1123
272,1007
286,294
29,694
530,806
1364,1422
21,1108
324,1392
1248,1411
732,1202
395,571
519,891
903,1123
419,735
761,994
717,1197
269,790
114,857
810,1443
616,911
768,1085
907,1218
262,1057
934,1380
1054,1073
200,1207
257,300
468,1491
1277,1305
157,1355
803,1458
283,323
271,1239
330,1118
75,208
683,1486
44,154
1085,1319
981,1357
494,589
403,830
388,1062
416,825
147,396
860,1227
667,910
102,486
238,1088
267,928
129,1157
629,1158
779,1142
356,1254
840,1374
1373,1473
921,1007
469,1199
487,796
1282,1387
757,1122
8,744
489,1286
1046,1087
1173,1186
650,914
647,919
919,953
81,415
1110,1469
371,894
248,1348
857,1439
378,584
285,358
740,1257
677,768
716,891
112,1422
1155,1179
1274,1363
124,605
1321,1427
875,1286
284,775
594,1214
158,271
420,1021
821,1366
143,1023
178,557
119,982
69,1300
447,1041
502,679
511,1091
867,881
115,484
2,538
185,914
573,1180
603,807
133,861
1336,1351
702,1044
242,1287
379,661
1362,1497
215,449
219,1064
209,427
4,775
721,1208
767,1263
184,441
928,1417
1268,1388
376,1038
508,1202
390,419
57,1244
644,1469
921,1002
607,1316
80,1190
42,639
944,1234
784,806
441,1176
1354,1478
249,455
614,1208
405,409
332,1371
216,650
1289,1379
508,1215
1105,1248
177,405
717,1153
251,1077
758,1304
1136,1468
182,384
602,880
36,1211
63,208
431,1132
414,1352
168,1449
427,1376
673,682
921,1201
680,776
49,271
105,779
1097,1310
193,664
805,1396
765,900
325,965
52,1437
91,352
1120,1453
523,1056
1207,1221
222,1107
360,1072
133,212
974,1108
892,1103
97,201
966,1098
1102,1357
390,948
382,549
671,1131
478,978
1061,1337
679,837
236,900
302,1446
562,1354
993,1300
1049,1091
307,414
518,1008
864,1309
558,1328
292,675
558,668
1032,1219
509,702
746,1185
655,702
1128,1480
421,511
245,1187
493,933
76,730
239,1286
296,567
235,1375
261,1459
671,879
107,485
339,584
32,1454
1219,1472
1023,1407
538,1107
335,1480
397,677
145,1163
949,987
612,1439
758,1385
402,1123
749,1249
148,479
781,912
446,1256
676,827
782,1402
380,1171
92,1193
477,1440
195,702
516,1019
1372,1396
9,949
143,917
148,740
854,1352
294,1193
584,1400
57,808
4,787
650,987
219,1061
1267,1468
787,888
331,398
474,1314
499,1008
395,740
389,670
275,1369
941,1396
710,1476
1114,1368
662,1493
249,817
1215,1416
406,1345
683,1067
23,431
85,310
504,718
1410,1430
838,1123
163,194
107,1084
167,874
224,811
144,280
239,495
351,1342
338,504
598,1218
120,404
265,514
270,1320
60,455
90,1316
137,955
17,1469
866,1448
272,288
369,586
143,1404
177,429
1215,1342
694,1342
278,1046
572,769
230,1392
26,114
302,477
371,405
344,884
870,1351
946,1089
102,1041
440,1190
1003,1247
1206,1440
172,1361
678,731
358,462
917,1342
622,1048
138,901
547,1432
696,1251
219,401
602,687
1119,1329
1070,1428
389,1482
589,1339
832,924
322,649
640,794
92,754
413,1180
199,1069
19,174
783,1106
535,1451
529,737
1071,1116
1136,1154
439,668
126,1101
71,155
388,684
731,1107
716,862
666,1369
330,763
1271,1491
1155,1349
457,958
1172,1411
433,1492
8,287
1216,1398
1114,1251
305,954
457,1489
683,763
188,321
631,1000
345,1321
239,1270
1187,1296
861,877
598,1419
744,864
583,1266
573,1192
156,613
964,1453
25,135
448,994
456,676
419,1302
1034,1228
627,854
95,211
195,848
168,1273
73,1125
71,1265
580,1387
191,567
333,531
98,808
66,601
900,1194
606,1072
253,483
335,1219
390,513
779,1087
975,1248
684,1197
16,1302
404,931
518,1493
236,1295
784,1485
1121,1319
275,1439
522,1228
852,1402
245,437
34,502
41,1088
78,876
639,711
737,1232
904,1263
1108,1371
175,1322
241,266
780,956
158,497
273,623
233,925
635,1438
34,100
130,341
420,1391
382,1125
1221,1244
389,590
236,834
1321,1493
265,599
641,1291
489,1456
710,931
1049,1406
676,1189
395,527
577,1285
663,727
1118,1356
497,1410
514,856
195,1146
84,429
537,1104
600,700
1055,1375
350,1071
358,1134
432,538
1295,1430
74,1112
306,565
1275,1384
724,1134
658,950
238,829
639,1196
60,1332
16,1360
165,297
169,909
155,757
431,1070
31,1462
966,1086
9,1153
807,1281
198,260
139,962
220,917
688,844
1177,1217
661,807
876,1321
780,786
194,243
452,1367
1012,1090
312,671
721,1053
1243,1253
359,1278
170,1007
137,740
608,1452
391,490
485,1293
546,570
95,1104
503,664
362,474
250,424
407,538
143,1046
0,1132
110,355
668,1167
269,1326
990,1112
1087,1163
1002,1421
123,682
151,1053
551,913
427,1102
323,1075
190,857
246,288
765,1199
555,1235
381,902
629,1215
468,1213
305,485
337,412
424,1054
32,1125
688,689
465,859
450,598
222,440
101,1366
178,638
968,1160
349,1072
1277,1386
134,308
866,1238
1032,1142
870,1241
1199,1400
192,1436
193,885
237,1002
713,1063
583,1259
219,705
112,856
125,1096
307,611
1135,1326
977,1259
374,1496
419,424
160,925
636,901
466,476
914,1020
493,835
497,628
309,390
835,1110
627,953
896,1247
84,1208
27,1124
964,1334
66,417
939,1196
406,839
587,1350
369,1216
197,513
393,811
461,1117
1132,1170
123,434
1024,1392
1382,1423
732,1067
583,1088
88,787
190,521
466,1199
165,276
355,1103
442,823
917,1096
46,1326
602,912
937,1096
971,1376
642,854
234,534
956,1221
790,1494
457,1116
1140,1367
410,1366
892,1139
231,1021
685,1066
765,1490
154,668
711,915
106,1114
29,207
517,1165
402,652
67,953
539,1332
154,1254
70,1495
358,872
105,524
940,1487
226,601
993,1322
548,1311
12,547
216,611
864,1457
865,1316
659,1184
324,334
489,695
238,1035
80,1211
104,754
442,1274
674,1227
316,1300
567,1311
948,1339
617,1385
767,1189
54,1093
203,1183
332,768
25,957
217,398
894,1235
311,737
512,573
21,1249
139,1306
906,1254
364,980
561,902
1066,1442
543,1497
545,886
476,1364
296,507
1167,1445
246,1494
1343,1386
743,1304
83,172
398,1420
185,682
794,1312
913,1424
95,751
127,999
40,796
466,897
377,1306
34,606
217,1186
594,1387
514,1313
108,412
937,1106
372,967
1408,1490
382,617
815,1313
361,966
1173,1276
1226,1254
8,364
607,1467
45,254
92,1115
143,1160
154,480
188,787
644,1291
697,1203
42,997
623,1263
672,1042
728,1185
1368,1400
117,475
238,1379
765,1234
312,1267
32,363
936,1249
303,1096
130,1273
399,1264
1056,1190
394,902
6,448
459,687
487,920
444,724
246,1476
319,999
420,810
93,1198
1085,1152
1177,1430
309,976
295,440
131,1393
141,521
549,1011
876,1025
778,1471
1084,1392
503,1009
1185,1254
487,733
530,816
473,1271
610,1264
414,591
913,1012
343,974
355,585
13,852
615,644
264,695
955,1180
331,545
620,1003
603,1037
403,725
460,960
1325,1342
41,1176
273,430
30,760
207,865
498,597
241,549
648,1012
640,970
199,740
828,1373
32,193
377,581
310,794
3,251
669,1380
116,521
238,995
641,651
399,1426
391,596
237,1398
592,1035
962,1243
474,1071
475,1428
955,1412
507,893
1247,1302
245,1052
9,461
163,282
401,582
436,504
183,1243
973,1094
1367,1420
82,689
160,1186
930,1217
112,142
395,986
426,1251
243,1342
319,688
592,935
299,1296
878,993
698,1241
1224,1379
1001,1333
604,1438
418,681
370,833
36,1459
305,658
438,1397
1160,1225
941,1240
729,1416
192,1117
502,1481
322,394
202,707
179,279
357,1023
687,1298
200,737
185,1068
129,733
1229,1483
634,1450
596,1319
1175,1382
720,1355
144,305
645,936
1109,1481
600,1178
347,1061
1016,1222
861,1282
196,436
715,1169
830,1387
363,637
867,1213
68,1243
882,1389
427,797
530,544
86,243
944,1158
543,777
1110,1144
724,1289
119,133
524,1312
281,398
35,717
1334,1433
1247,1481
289,958
16,1488
256,1329
237,877
944,963
125,850
216,276
916,1104
552,976
186,292
1189,1490
473,572
638,877
348,1083
1105,1375
41,186
479,963
527,582
671,1296
554,895
638,1303
782,1042
432,437
41,177
1346,1360
194,748
293,1154
396,986
30,1159
77,551
459,921
437,1245
1341,1353
116,136
447,1336
733,932
693,869
681,1037
780,1282
1095,1333
225,873
822,1198
1024,1138
220,492
908,1382
425,531
67,804
123,1431
147,300
782,1485
337,497
316,904
658,1414
884,1162
941,1432
843,1296
43,505
38,678
503,1262
303,1456
822,1067
113,1376
351,1113
140,1163
840,1167
470,886
104,127
555,1121
365,1257
81,138
516,699
1138,1337
976,1263
929,1279
475,915
927,1365
167,790
233,654
1403,1458
616,1467
55,606
815,1380
804,1170
370,702
61,309
810,1009
361,1201
1292,1308
124,780
800,992
1097,1188
459,552
1400,1421
557,1147
880,1437
26,442
21,1369
930,1370
316,437
126,479
867,906
42,569
30,861
215,485
340,1474
414,745
138,492
748,1144
202,710
1039,1125
727,1417
750,1445
520,855
196,640
261,971
225,1282
629,763
71,1075
514,992
740,1218
101,977
311,900
1257,1489
815,919
142,300
368,1093
533,997
84,1156
398,843
905,1117
617,892
264,654
811,1116
154,1148
